indicator,country,date,unit,value
NY.GDP.MKTP.CD,United States(US),2024,,28750956130731.2
NY.GDP.MKTP.CD,United States(US),2023,,27292170793214.4
NY.GDP.MKTP.CD,United States(US),2022,,25604848907611.0
NY.GDP.MKTP.CD,United States(US),2021,,23315080560000.0
NY.GDP.MKTP.CD,United States(US),2020,,21060473613000.0
NY.GDP.MKTP.CD,United States(US),2019,,21380976119000.0
NY.GDP.MKTP.CD,United States(US),2018,,20533057312000.0
NY.GDP.MKTP.CD,United States(US),2017,,19477336549000.0
NY.GDP.MKTP.CD,United States(US),2016,,18695110842000.0
NY.GDP.MKTP.CD,United States(US),2015,,18206020741000.0
NY.GDP.MKTP.CD,United States(US),2014,,17550680174000.0
NY.GDP.MKTP.CD,United States(US),2013,,16843190993000.0
NY.GDP.MKTP.CD,United States(US),2012,,16253972230000.0
NY.GDP.MKTP.CD,United States(US),2011,,15599728123000.0
NY.GDP.MKTP.CD,United States(US),2010,,15048964444000.0
NY.GDP.MKTP.CD,United States(US),2009,,14478064934000.0
NY.GDP.MKTP.CD,United States(US),2008,,14769857911000.0
NY.GDP.MKTP.CD,United States(US),2007,,14474226905000.0
NY.GDP.MKTP.CD,United States(US),2006,,13815586948000.0
NY.GDP.MKTP.CD,United States(US),2005,,13039199193000.0
NY.GDP.MKTP.CD,United States(US),2004,,12217193198000.0
NY.GDP.MKTP.CD,United States(US),2003,,11456442041000.0
NY.GDP.MKTP.CD,United States(US),2002,,10929112955000.0
NY.GDP.MKTP.CD,United States(US),2001,,10581929774000.0
NY.GDP.MKTP.CD,United States(US),2000,,10250947997000.0
NY.GDP.MKTP.CD,United States(US),1999,,9631174489000.0
NY.GDP.MKTP.CD,United States(US),1998,,9062818202000.0
NY.GDP.MKTP.CD,United States(US),1997,,8577554457000.0
NY.GDP.MKTP.CD,United States(US),1996,,8073122000000.0
NY.GDP.MKTP.CD,United States(US),1995,,7639749000000.0
NY.GDP.MKTP.CD,United States(US),1994,,7287236000000.0
NY.GDP.MKTP.CD,United States(US),1993,,6858559000000.0
NY.GDP.MKTP.CD,United States(US),1992,,6520327000000.0
NY.GDP.MKTP.CD,United States(US),1991,,6158129000000.0
NY.GDP.MKTP.CD,United States(US),1990,,5963144000000.0
NY.GDP.MKTP.CD,United States(US),1989,,5641580000000.0
NY.GDP.MKTP.CD,United States(US),1988,,5236438000000.0
NY.GDP.MKTP.CD,United States(US),1987,,4855215000000.0
NY.GDP.MKTP.CD,United States(US),1986,,4579631000000.0
NY.GDP.MKTP.CD,United States(US),1985,,4338979000000.0
NY.GDP.MKTP.CD,United States(US),1984,,4037613000000.0
NY.GDP.MKTP.CD,United States(US),1983,,3634038000000.0
NY.GDP.MKTP.CD,United States(US),1982,,3343789000000.0
NY.GDP.MKTP.CD,United States(US),1981,,3207041000000.0
NY.GDP.MKTP.CD,United States(US),1980,,2857307000000.0
NY.GDP.MKTP.CD,United States(US),1979,,2627333000000.0
NY.GDP.MKTP.CD,United States(US),1978,,2351599000000.0
NY.GDP.MKTP.CD,United States(US),1977,,2081826000000.0
NY.GDP.MKTP.CD,United States(US),1976,,1873412000000.0
NY.GDP.MKTP.CD,United States(US),1975,,1684904000000.0
NY.GDP.MKTP.CD,United States(US),1974,,1545243000000.0
NY.GDP.MKTP.CD,United States(US),1973,,1425376000000.0
NY.GDP.MKTP.CD,United States(US),1972,,1279110000000.0
NY.GDP.MKTP.CD,United States(US),1971,,1164850000000.0
NY.GDP.MKTP.CD,United States(US),1970,,1073303000000.0
NY.GDP.MKTP.CD,United States(US),1969,,1017438172413.79
NY.GDP.MKTP.CD,United States(US),1968,,940225000000.0
NY.GDP.MKTP.CD,United States(US),1967,,859620034482.759
NY.GDP.MKTP.CD,United States(US),1966,,813032758620.69
NY.GDP.MKTP.CD,United States(US),1965,,741904862068.965
NY.GDP.MKTP.CD,United States(US),1964,,684144620689.655
NY.GDP.MKTP.CD,United States(US),1963,,637058551724.138
NY.GDP.MKTP.CD,United States(US),1962,,603639413793.103
NY.GDP.MKTP.CD,United States(US),1961,,561940310344.828
NY.GDP.MKTP.CD,United States(US),1960,,541988586206.897
NY.GDP.MKTP.KD,United States(US),2024,,22568462768174.3
NY.GDP.MKTP.KD,United States(US),2023,,21955252291273.6
NY.GDP.MKTP.KD,United States(US),2022,,21339074561820.0
NY.GDP.MKTP.KD,United States(US),2021,,20816096100824.5
NY.GDP.MKTP.KD,United States(US),2020,,19627632559934.5
NY.GDP.MKTP.KD,United States(US),2019,,20061570168697.6
NY.GDP.MKTP.KD,United States(US),2018,,19556270302218.3
NY.GDP.MKTP.KD,United States(US),2017,,18992846546661.7
NY.GDP.MKTP.KD,United States(US),2016,,18537270454435.6
NY.GDP.MKTP.KD,United States(US),2015,,18206020741000.0
NY.GDP.MKTP.KD,United States(US),2014,,17685097277697.8
NY.GDP.MKTP.KD,United States(US),2013,,17249744800617.5
NY.GDP.MKTP.KD,United States(US),2012,,16892000920975.5
NY.GDP.MKTP.KD,United States(US),2011,,16513977256911.2
NY.GDP.MKTP.KD,United States(US),2010,,16259610790677.0
NY.GDP.MKTP.KD,United States(US),2009,,15832884074310.8
NY.GDP.MKTP.KD,United States(US),2008,,16251606759787.8
NY.GDP.MKTP.KD,United States(US),2007,,16233167950743.9
NY.GDP.MKTP.KD,United States(US),2006,,15914268559668.9
NY.GDP.MKTP.KD,United States(US),2005,,15483134541390.2
NY.GDP.MKTP.KD,United States(US),2004,,14961928297813.8
NY.GDP.MKTP.KD,United States(US),2003,,14407558345762.9
NY.GDP.MKTP.KD,United States(US),2002,,14015733659783.6
NY.GDP.MKTP.KD,United States(US),2001,,13781388409036.2
NY.GDP.MKTP.KD,United States(US),2000,,13650948362520.0
NY.GDP.MKTP.KD,United States(US),1999,,13116127034705.4
NY.GDP.MKTP.KD,United States(US),1998,,12516770844481.1
NY.GDP.MKTP.KD,United States(US),1997,,11979704707077.8
NY.GDP.MKTP.KD,United States(US),1996,,11469635349338.5
NY.GDP.MKTP.KD,United States(US),1995,,11052644207040.4
NY.GDP.MKTP.KD,United States(US),1994,,10763700132799.0
NY.GDP.MKTP.KD,United States(US),1993,,10346824232649.6
NY.GDP.MKTP.KD,United States(US),1992,,10069725930661.5
NY.GDP.MKTP.KD,United States(US),1991,,9727089478755.8
NY.GDP.MKTP.KD,United States(US),1990,,9737636593624.97
NY.GDP.MKTP.KD,United States(US),1989,,9557387553833.15
NY.GDP.MKTP.KD,United States(US),1988,,9218849474658.13
NY.GDP.MKTP.KD,United States(US),1987,,8849219149441.71
NY.GDP.MKTP.KD,United States(US),1986,,8553719807215.75
NY.GDP.MKTP.KD,United States(US),1985,,8267446647785.83
NY.GDP.MKTP.KD,United States(US),1984,,7936527167598.33
NY.GDP.MKTP.KD,United States(US),1983,,7400960152426.85
NY.GDP.MKTP.KD,United States(US),1982,,7076584318487.23
NY.GDP.MKTP.KD,United States(US),1981,,7206518847030.84
NY.GDP.MKTP.KD,United States(US),1980,,7028165014324.83
NY.GDP.MKTP.KD,United States(US),1979,,7046258095084.5
NY.GDP.MKTP.KD,United States(US),1978,,6830020452267.68
NY.GDP.MKTP.KD,United States(US),1977,,6471793328422.88
NY.GDP.MKTP.KD,United States(US),1976,,6185752591778.3
NY.GDP.MKTP.KD,United States(US),1975,,5869501841744.93
NY.GDP.MKTP.KD,United States(US),1974,,5881595530900.61
NY.GDP.MKTP.KD,United States(US),1973,,5913561297887.83
NY.GDP.MKTP.KD,United States(US),1972,,5597542001855.35
NY.GDP.MKTP.KD,United States(US),1971,,5318051691111.46
NY.GDP.MKTP.KD,United States(US),1970,,5148525050913.32
NY.GDP.MKTP.KD,United States(US),1969,,5137397114924.31
NY.GDP.MKTP.KD,United States(US),1968,,4982926396628.82
NY.GDP.MKTP.KD,United States(US),1967,,4754700760142.02
NY.GDP.MKTP.KD,United States(US),1966,,4638732448919.04
NY.GDP.MKTP.KD,United States(US),1965,,4355617322928.67
NY.GDP.MKTP.KD,United States(US),1964,,4093625303504.4
NY.GDP.MKTP.KD,United States(US),1963,,3869211061913.41
NY.GDP.MKTP.KD,United States(US),1962,,3706140863901.74
NY.GDP.MKTP.KD,United States(US),1961,,3493063962207.1
NY.GDP.MKTP.KD,United States(US),1960,,3414529777328.55
NY.GDP.MKTP.CD,United Kingdom(GB),2024,,3686033044482.13
NY.GDP.MKTP.CD,United Kingdom(GB),2023,,3420796653789.08
NY.GDP.MKTP.CD,United Kingdom(GB),2022,,3181244350465.41
NY.GDP.MKTP.CD,United Kingdom(GB),2021,,3194559188925.93
NY.GDP.MKTP.CD,United Kingdom(GB),2020,,2724001478304.59
NY.GDP.MKTP.CD,United Kingdom(GB),2019,,2875710080015.3
NY.GDP.MKTP.CD,United Kingdom(GB),2018,,2897028009916.05
NY.GDP.MKTP.CD,United Kingdom(GB),2017,,2699118387873.1
NY.GDP.MKTP.CD,United Kingdom(GB),2016,,2706807606538.73
NY.GDP.MKTP.CD,United Kingdom(GB),2015,,2945579890258.46
NY.GDP.MKTP.CD,United Kingdom(GB),2014,,3085362169410.29
NY.GDP.MKTP.CD,United Kingdom(GB),2013,,2796908333283.39
NY.GDP.MKTP.CD,United Kingdom(GB),2012,,2719715961539.83
NY.GDP.MKTP.CD,United Kingdom(GB),2011,,2675590034128.66
NY.GDP.MKTP.CD,United Kingdom(GB),2010,,2496740681057.14
NY.GDP.MKTP.CD,United Kingdom(GB),2009,,2429358155475.93
NY.GDP.MKTP.CD,United Kingdom(GB),2008,,2945251838235.29
NY.GDP.MKTP.CD,United Kingdom(GB),2007,,3104699879951.98
NY.GDP.MKTP.CD,United Kingdom(GB),2006,,2719558417663.29
NY.GDP.MKTP.CD,United Kingdom(GB),2005,,2551361818181.82
NY.GDP.MKTP.CD,United Kingdom(GB),2004,,2429774807762.72
NY.GDP.MKTP.CD,United Kingdom(GB),2003,,2061227755102.04
NY.GDP.MKTP.CD,United Kingdom(GB),2002,,1790536570743.41
NY.GDP.MKTP.CD,United Kingdom(GB),2001,,1656171009068.66
NY.GDP.MKTP.CD,United Kingdom(GB),2000,,1671597821152.97
NY.GDP.MKTP.CD,United Kingdom(GB),1999,,1693458987218.9
NY.GDP.MKTP.CD,United Kingdom(GB),1998,,1660821464060.95
NY.GDP.MKTP.CD,United Kingdom(GB),1997,,1569317288801.57
NY.GDP.MKTP.CD,United Kingdom(GB),1996,,1425287051482.06
NY.GDP.MKTP.CD,United Kingdom(GB),1995,,1349094208616.06
NY.GDP.MKTP.CD,United Kingdom(GB),1994,,1140489745944.29
NY.GDP.MKTP.CD,United Kingdom(GB),1993,,1061388722255.55
NY.GDP.MKTP.CD,United Kingdom(GB),1992,,1179659529659.53
NY.GDP.MKTP.CD,United Kingdom(GB),1991,,1142797178130.51
NY.GDP.MKTP.CD,United Kingdom(GB),1990,,1093169389204.55
NY.GDP.MKTP.CD,United Kingdom(GB),1989,,926884816753.927
NY.GDP.MKTP.CD,United Kingdom(GB),1988,,910122732123.799
NY.GDP.MKTP.CD,United Kingdom(GB),1987,,745162608269.325
NY.GDP.MKTP.CD,United Kingdom(GB),1986,,601452653180.885
NY.GDP.MKTP.CD,United Kingdom(GB),1985,,489285164271.047
NY.GDP.MKTP.CD,United Kingdom(GB),1984,,461487097632.349
NY.GDP.MKTP.CD,United Kingdom(GB),1983,,489618008185.539
NY.GDP.MKTP.CD,United Kingdom(GB),1982,,515048916841.37
NY.GDP.MKTP.CD,United Kingdom(GB),1981,,540765675241.158
NY.GDP.MKTP.CD,United Kingdom(GB),1980,,564947710899.373
NY.GDP.MKTP.CD,United Kingdom(GB),1979,,438994070309.191
NY.GDP.MKTP.CD,United Kingdom(GB),1978,,335883029721.956
NY.GDP.MKTP.CD,United Kingdom(GB),1977,,263066457352.172
NY.GDP.MKTP.CD,United Kingdom(GB),1976,,232614555256.065
NY.GDP.MKTP.CD,United Kingdom(GB),1975,,241756637168.142
NY.GDP.MKTP.CD,United Kingdom(GB),1974,,206131369798.971
NY.GDP.MKTP.CD,United Kingdom(GB),1973,,192537971582.558
NY.GDP.MKTP.CD,United Kingdom(GB),1972,,169965034965.035
NY.GDP.MKTP.CD,United Kingdom(GB),1971,,148113896325.14
NY.GDP.MKTP.CD,United Kingdom(GB),1970,,130671946244.3
NY.GDP.MKTP.CD,United Kingdom(GB),1969,,116464702803.218
NY.GDP.MKTP.CD,United Kingdom(GB),1968,,107759910067.889
NY.GDP.MKTP.CD,United Kingdom(GB),1967,,113116888210.787
NY.GDP.MKTP.CD,United Kingdom(GB),1966,,108572752102.045
NY.GDP.MKTP.CD,United Kingdom(GB),1965,,101824755078.991
NY.GDP.MKTP.CD,United Kingdom(GB),1964,,94407558351.1616
NY.GDP.MKTP.CD,United Kingdom(GB),1963,,86561961812.3249
NY.GDP.MKTP.CD,United Kingdom(GB),1962,,81247564156.8246
NY.GDP.MKTP.CD,United Kingdom(GB),1961,,77741965703.3544
NY.GDP.MKTP.CD,United Kingdom(GB),1960,,73233967692.1028
NY.GDP.MKTP.KD,United Kingdom(GB),2024,,3320141995547.62
NY.GDP.MKTP.KD,United Kingdom(GB),2023,,3283159739927.95
NY.GDP.MKTP.KD,United Kingdom(GB),2022,,3274265196937.19
NY.GDP.MKTP.KD,United Kingdom(GB),2021,,3113908148054.35
NY.GDP.MKTP.KD,United Kingdom(GB),2020,,2868821517197.41
NY.GDP.MKTP.KD,United Kingdom(GB),2019,,3189276748351.15
NY.GDP.MKTP.KD,United Kingdom(GB),2018,,3149707010747.53
NY.GDP.MKTP.KD,United Kingdom(GB),2017,,3101591068534.48
NY.GDP.MKTP.KD,United Kingdom(GB),2016,,3010574705731.3
NY.GDP.MKTP.KD,United Kingdom(GB),2015,,2945579890258.46
NY.GDP.MKTP.KD,United Kingdom(GB),2014,,2883853723651.98
NY.GDP.MKTP.KD,United Kingdom(GB),2013,,2795510733841.06
NY.GDP.MKTP.KD,United Kingdom(GB),2012,,2748282336997.97
NY.GDP.MKTP.KD,United Kingdom(GB),2011,,2706913649065.85
NY.GDP.MKTP.KD,United Kingdom(GB),2010,,2684060544650.54
NY.GDP.MKTP.KD,United Kingdom(GB),2009,,2624727410659.64
NY.GDP.MKTP.KD,United Kingdom(GB),2008,,2750923500693.34
NY.GDP.MKTP.KD,United Kingdom(GB),2007,,2752283449984.53
NY.GDP.MKTP.KD,United Kingdom(GB),2006,,2673913418491.85
NY.GDP.MKTP.KD,United Kingdom(GB),2005,,2616614241852.83
NY.GDP.MKTP.KD,United Kingdom(GB),2004,,2545576004983.01
NY.GDP.MKTP.KD,United Kingdom(GB),2003,,2487711377293.16
NY.GDP.MKTP.KD,United Kingdom(GB),2002,,2410140612988.09
NY.GDP.MKTP.KD,United Kingdom(GB),2001,,2369642769659.08
NY.GDP.MKTP.KD,United Kingdom(GB),2000,,2314307169243.88
NY.GDP.MKTP.KD,United Kingdom(GB),1999,,2214131432953.5
NY.GDP.MKTP.KD,United Kingdom(GB),1998,,2150801957623.71
NY.GDP.MKTP.KD,United Kingdom(GB),1997,,2083175521750.84
NY.GDP.MKTP.KD,United Kingdom(GB),1996,,1986246961912.3
NY.GDP.MKTP.KD,United Kingdom(GB),1995,,1935631814547.44
NY.GDP.MKTP.KD,United Kingdom(GB),1994,,1869572508478.99
NY.GDP.MKTP.KD,United Kingdom(GB),1993,,1781335634495.42
NY.GDP.MKTP.KD,United Kingdom(GB),1992,,1721255429795.6
NY.GDP.MKTP.KD,United Kingdom(GB),1991,,1699254695038.56
NY.GDP.MKTP.KD,United Kingdom(GB),1990,,1721504098259.6
NY.GDP.MKTP.KD,United Kingdom(GB),1989,,1708192731044.26
NY.GDP.MKTP.KD,United Kingdom(GB),1988,,1670090505985.98
NY.GDP.MKTP.KD,United Kingdom(GB),1987,,1590076250308.92
NY.GDP.MKTP.KD,United Kingdom(GB),1986,,1520700657209.66
NY.GDP.MKTP.KD,United Kingdom(GB),1985,,1462038836257.16
NY.GDP.MKTP.KD,United Kingdom(GB),1984,,1411242824002.48
NY.GDP.MKTP.KD,United Kingdom(GB),1983,,1374530155674.6
NY.GDP.MKTP.KD,United Kingdom(GB),1982,,1326454837276.92
NY.GDP.MKTP.KD,United Kingdom(GB),1981,,1299260421919.25
NY.GDP.MKTP.KD,United Kingdom(GB),1980,,1316686213225.92
NY.GDP.MKTP.KD,United Kingdom(GB),1979,,1346017305980.74
NY.GDP.MKTP.KD,United Kingdom(GB),1978,,1310033665484.62
NY.GDP.MKTP.KD,United Kingdom(GB),1977,,1266915785220.6
NY.GDP.MKTP.KD,United Kingdom(GB),1976,,1237665408113.17
NY.GDP.MKTP.KD,United Kingdom(GB),1975,,1203900150366.65
NY.GDP.MKTP.KD,United Kingdom(GB),1974,,1212104524614.49
NY.GDP.MKTP.KD,United Kingdom(GB),1973,,1232812042936.75
NY.GDP.MKTP.KD,United Kingdom(GB),1972,,1148794666508.53
NY.GDP.MKTP.KD,United Kingdom(GB),1971,,1108592971833.22
NY.GDP.MKTP.KD,United Kingdom(GB),1970,,1086807506706.89
NY.GDP.MKTP.KD,United Kingdom(GB),1969,,1058146739488.58
NY.GDP.MKTP.KD,United Kingdom(GB),1968,,1038018137931.52
NY.GDP.MKTP.KD,United Kingdom(GB),1967,,984158181579.124
NY.GDP.MKTP.KD,United Kingdom(GB),1966,,957578319010.926
NY.GDP.MKTP.KD,United Kingdom(GB),1965,,942800397244.693
NY.GDP.MKTP.KD,United Kingdom(GB),1964,,923134556203.191
NY.GDP.MKTP.KD,United Kingdom(GB),1963,,874223408559.986
NY.GDP.MKTP.KD,United Kingdom(GB),1962,,833708945747.554
NY.GDP.MKTP.KD,United Kingdom(GB),1961,,824648562815.947
NY.GDP.MKTP.KD,United Kingdom(GB),1960,,802958140600.34
NY.GDP.MKTP.CD,Israel(IL),2024,,540379921261.681
NY.GDP.MKTP.CD,Israel(IL),2023,,512184638998.974
NY.GDP.MKTP.CD,Israel(IL),2022,,525181008025.57
NY.GDP.MKTP.CD,Israel(IL),2021,,489851549972.347
NY.GDP.MKTP.CD,Israel(IL),2020,,410768352657.612
NY.GDP.MKTP.CD,Israel(IL),2019,,400645216358.857
NY.GDP.MKTP.CD,Israel(IL),2018,,376299083108.497
NY.GDP.MKTP.CD,Israel(IL),2017,,358451839052.991
NY.GDP.MKTP.CD,Israel(IL),2016,,321940971558.016
NY.GDP.MKTP.CD,Israel(IL),2015,,303469434072.296
NY.GDP.MKTP.CD,Israel(IL),2014,,315017088116.716
NY.GDP.MKTP.CD,Israel(IL),2013,,298478070673.058
NY.GDP.MKTP.CD,Israel(IL),2012,,263589172712.391
NY.GDP.MKTP.CD,Israel(IL),2011,,268094998225.028
NY.GDP.MKTP.CD,Israel(IL),2010,,239679036634.372
NY.GDP.MKTP.CD,Israel(IL),2009,,213403181852.86
NY.GDP.MKTP.CD,Israel(IL),2008,,221231658862.876
NY.GDP.MKTP.CD,Israel(IL),2007,,184681214673.45
NY.GDP.MKTP.CD,Israel(IL),2006,,158900547825.306
NY.GDP.MKTP.CD,Israel(IL),2005,,147519922009.047
NY.GDP.MKTP.CD,Israel(IL),2004,,140047984605.087
NY.GDP.MKTP.CD,Israel(IL),2003,,131408914824.005
NY.GDP.MKTP.CD,Israel(IL),2002,,125332331883.997
NY.GDP.MKTP.CD,Israel(IL),2001,,135002039612.906
NY.GDP.MKTP.CD,Israel(IL),2000,,136512300542.025
NY.GDP.MKTP.CD,Israel(IL),1999,,121417185061.719
NY.GDP.MKTP.CD,Israel(IL),1998,,120547409278.703
NY.GDP.MKTP.CD,Israel(IL),1997,,119459826346.611
NY.GDP.MKTP.CD,Israel(IL),1996,,115116595544.694
NY.GDP.MKTP.CD,Israel(IL),1995,,105497418058.646
NY.GDP.MKTP.CD,Israel(IL),1994,,90740103828.6058
NY.GDP.MKTP.CD,Israel(IL),1993,,79855877174.4429
NY.GDP.MKTP.CD,Israel(IL),1992,,79457685757.166
NY.GDP.MKTP.CD,Israel(IL),1991,,70998755006.9019
NY.GDP.MKTP.CD,Israel(IL),1990,,62016729540.7093
NY.GDP.MKTP.CD,Israel(IL),1989,,52443479454.114
NY.GDP.MKTP.CD,Israel(IL),1988,,52650948910.3748
NY.GDP.MKTP.CD,Israel(IL),1987,,43049543634.9607
NY.GDP.MKTP.CD,Israel(IL),1986,,35834154873.5622
NY.GDP.MKTP.CD,Israel(IL),1985,,28905736366.7079
NY.GDP.MKTP.CD,Israel(IL),1984,,30645607293.0048
NY.GDP.MKTP.CD,Israel(IL),1983,,32675755462.0865
NY.GDP.MKTP.CD,Israel(IL),1982,,29255285401.3621
NY.GDP.MKTP.CD,Israel(IL),1981,,26882009819.3456
NY.GDP.MKTP.CD,Israel(IL),1980,,25395256477.5976
NY.GDP.MKTP.CD,Israel(IL),1979,,22609741059.839
NY.GDP.MKTP.CD,Israel(IL),1978,,17701286907.0888
NY.GDP.MKTP.CD,Israel(IL),1977,,18257113904.2478
NY.GDP.MKTP.CD,Israel(IL),1976,,15956349550.0166
NY.GDP.MKTP.CD,Israel(IL),1975,,16141767373.4859
NY.GDP.MKTP.CD,Israel(IL),1974,,17172607138.122
NY.GDP.MKTP.CD,Israel(IL),1973,,11902574258.9313
NY.GDP.MKTP.CD,Israel(IL),1972,,9222557538.58382
NY.GDP.MKTP.CD,Israel(IL),1971,,7052544000.09352
NY.GDP.MKTP.CD,Israel(IL),1970,,7406712876.3832
NY.GDP.MKTP.CD,Israel(IL),1969,,6297852761.13463
NY.GDP.MKTP.CD,Israel(IL),1968,,5458427927.8861
NY.GDP.MKTP.CD,Israel(IL),1967,,4762386782.7194
NY.GDP.MKTP.CD,Israel(IL),1966,,4703300098.0703
NY.GDP.MKTP.CD,Israel(IL),1965,,4329084428.62583
NY.GDP.MKTP.CD,Israel(IL),1964,,4024344852.54797
NY.GDP.MKTP.CD,Israel(IL),1963,,3535949088.90947
NY.GDP.MKTP.CD,Israel(IL),1962,,2966154031.33123
NY.GDP.MKTP.CD,Israel(IL),1961,,3708586471.46387
NY.GDP.MKTP.CD,Israel(IL),1960,,3070585807.33625
NY.GDP.MKTP.KD,Israel(IL),2024,,417380424316.47
NY.GDP.MKTP.KD,Israel(IL),2023,,413772459124.137
NY.GDP.MKTP.KD,Israel(IL),2022,,406350386042.279
NY.GDP.MKTP.KD,Israel(IL),2021,,382399686301.549
NY.GDP.MKTP.KD,Israel(IL),2020,,349579824803.208
NY.GDP.MKTP.KD,Israel(IL),2019,,356792803355.853
NY.GDP.MKTP.KD,Israel(IL),2018,,344027669320.131
NY.GDP.MKTP.KD,Israel(IL),2017,,330783435889.189
NY.GDP.MKTP.KD,Israel(IL),2016,,317003511449.31
NY.GDP.MKTP.KD,Israel(IL),2015,,303469434072.296
NY.GDP.MKTP.KD,Israel(IL),2014,,296827610046.146
NY.GDP.MKTP.KD,Israel(IL),2013,,286027695014.037
NY.GDP.MKTP.KD,Israel(IL),2012,,274800159647.141
NY.GDP.MKTP.KD,Israel(IL),2011,,268235973747.568
NY.GDP.MKTP.KD,Israel(IL),2010,,254206817526.885
NY.GDP.MKTP.KD,Israel(IL),2009,,240875924092.824
NY.GDP.MKTP.KD,Israel(IL),2008,,237930977208.346
NY.GDP.MKTP.KD,Israel(IL),2007,,230503919634.261
NY.GDP.MKTP.KD,Israel(IL),2006,,216795201343.264
NY.GDP.MKTP.KD,Israel(IL),2005,,205295323130.844
NY.GDP.MKTP.KD,Israel(IL),2004,,196666032830.423
NY.GDP.MKTP.KD,Israel(IL),2003,,187931184126.957
NY.GDP.MKTP.KD,Israel(IL),2002,,185246850387.665
NY.GDP.MKTP.KD,Israel(IL),2001,,185495549157.594
NY.GDP.MKTP.KD,Israel(IL),2000,,184981435200.171
NY.GDP.MKTP.KD,Israel(IL),1999,,170360909595.317
NY.GDP.MKTP.KD,Israel(IL),1998,,164922938836.449
NY.GDP.MKTP.KD,Israel(IL),1997,,158409209239.432
NY.GDP.MKTP.KD,Israel(IL),1996,,152886422507.181
NY.GDP.MKTP.KD,Israel(IL),1995,,144451278945.4
NY.GDP.MKTP.KD,Israel(IL),1994,,135504048695.071
NY.GDP.MKTP.KD,Israel(IL),1993,,126134940469.37
NY.GDP.MKTP.KD,Israel(IL),1992,,121147589381.961
NY.GDP.MKTP.KD,Israel(IL),1991,,112424289466.178
NY.GDP.MKTP.KD,Israel(IL),1990,,104361221372.815
NY.GDP.MKTP.KD,Israel(IL),1989,,97247381690.722
NY.GDP.MKTP.KD,Israel(IL),1988,,96691649504.4168
NY.GDP.MKTP.KD,Israel(IL),1987,,93957471741.5875
NY.GDP.MKTP.KD,Israel(IL),1986,,87696215124.7341
NY.GDP.MKTP.KD,Israel(IL),1985,,84169395855.3681
NY.GDP.MKTP.KD,Israel(IL),1984,,80903374864.2673
NY.GDP.MKTP.KD,Israel(IL),1983,,80155353982.6844
NY.GDP.MKTP.KD,Israel(IL),1982,,77550358895.8348
NY.GDP.MKTP.KD,Israel(IL),1981,,75968318465.9773
NY.GDP.MKTP.KD,Israel(IL),1980,,72117307130.9124
NY.GDP.MKTP.KD,Israel(IL),1979,,70932422328.0288
NY.GDP.MKTP.KD,Israel(IL),1978,,66786442968.0834
NY.GDP.MKTP.KD,Israel(IL),1977,,63271647907.3079
NY.GDP.MKTP.KD,Israel(IL),1976,,62623309265.0313
NY.GDP.MKTP.KD,Israel(IL),1975,,62421996170.9177
NY.GDP.MKTP.KD,Israel(IL),1974,,60461344100.3964
NY.GDP.MKTP.KD,Israel(IL),1973,,56783925431.8568
NY.GDP.MKTP.KD,Israel(IL),1972,,53779040920.7474
NY.GDP.MKTP.KD,Israel(IL),1971,,47954251678.7265
NY.GDP.MKTP.KD,Israel(IL),1970,,43221080449.6919
NY.GDP.MKTP.KD,Israel(IL),1969,,40277843295.757
NY.GDP.MKTP.KD,Israel(IL),1968,,35466555950.5162
NY.GDP.MKTP.KD,Israel(IL),1967,,30510977643.6123
NY.GDP.MKTP.KD,Israel(IL),1966,,29623738826.3073
NY.GDP.MKTP.KD,Israel(IL),1965,,29647352059.9274
NY.GDP.MKTP.KD,Israel(IL),1964,,27199917741.0431
NY.GDP.MKTP.KD,Israel(IL),1963,,25199765384.3882
NY.GDP.MKTP.KD,Israel(IL),1962,,22764895216.6873
NY.GDP.MKTP.KD,Israel(IL),1961,,20666029079.061
NY.GDP.MKTP.KD,Israel(IL),1960,,18583908318.3787
NY.GDP.MKTP.CD,Africa Eastern and Southern(ZH),2024,,1242693542929.85
NY.GDP.MKTP.CD,Africa Eastern and Southern(ZH),2023,,1179359054880.45
NY.GDP.MKTP.CD,Africa Eastern and Southern(ZH),2022,,1228967879390.01
NY.GDP.MKTP.CD,Africa Eastern and Southern(ZH),2021,,1114144799994.21
NY.GDP.MKTP.CD,Africa Eastern and Southern(ZH),2020,,938607563405.087
NY.GDP.MKTP.CD,Africa Eastern and Southern(ZH),2019,,1018714795912.35
NY.GDP.MKTP.CD,Africa Eastern and Southern(ZH),2018,,1020955778298.17
NY.GDP.MKTP.CD,Africa Eastern and Southern(ZH),2017,,978076465866.452
NY.GDP.MKTP.CD,Africa Eastern and Southern(ZH),2016,,831868076442.431
NY.GDP.MKTP.CD,Africa Eastern and Southern(ZH),2015,,910002035578.038
NY.GDP.MKTP.CD,Africa Eastern and Southern(ZH),2014,,998836162271.296
NY.GDP.MKTP.CD,Africa Eastern and Southern(ZH),2013,,981308886976.783
NY.GDP.MKTP.CD,Africa Eastern and Southern(ZH),2012,,969265729636.028
NY.GDP.MKTP.CD,Africa Eastern and Southern(ZH),2011,,959822476083.878
NY.GDP.MKTP.CD,Africa Eastern and Southern(ZH),2010,,863822114606.332
NY.GDP.MKTP.CD,Africa Eastern and Southern(ZH),2009,,726921646144.603
NY.GDP.MKTP.CD,Africa Eastern and Southern(ZH),2008,,726770401376.729
NY.GDP.MKTP.CD,Africa Eastern and Southern(ZH),2007,,674999944547.619
NY.GDP.MKTP.CD,Africa Eastern and Southern(ZH),2006,,587500469826.421
NY.GDP.MKTP.CD,Africa Eastern and Southern(ZH),2005,,521561976778.096
NY.GDP.MKTP.CD,Africa Eastern and Southern(ZH),2004,,445974808500.088
NY.GDP.MKTP.CD,Africa Eastern and Southern(ZH),2003,,358116081062.427
NY.GDP.MKTP.CD,Africa Eastern and Southern(ZH),2002,,269746009737.978
NY.GDP.MKTP.CD,Africa Eastern and Southern(ZH),2001,,260849957489.123
NY.GDP.MKTP.CD,Africa Eastern and Southern(ZH),2000,,287041984552.036
NY.GDP.MKTP.CD,Africa Eastern and Southern(ZH),1999,,265321007618.974
NY.GDP.MKTP.CD,Africa Eastern and Southern(ZH),1998,,268728127688.21
NY.GDP.MKTP.CD,Africa Eastern and Southern(ZH),1997,,288270699674.414
NY.GDP.MKTP.CD,Africa Eastern and Southern(ZH),1996,,273427612467.252
NY.GDP.MKTP.CD,Africa Eastern and Southern(ZH),1995,,273327034187.587
NY.GDP.MKTP.CD,Africa Eastern and Southern(ZH),1994,,243477534983.306
NY.GDP.MKTP.CD,Africa Eastern and Southern(ZH),1993,,239981176638.05
NY.GDP.MKTP.CD,Africa Eastern and Southern(ZH),1992,,241188307967.9
NY.GDP.MKTP.CD,Africa Eastern and Southern(ZH),1991,,276918502950.348
NY.GDP.MKTP.CD,Africa Eastern and Southern(ZH),1990,,256383050159.487
NY.GDP.MKTP.CD,Africa Eastern and Southern(ZH),1989,,220613390803.074
NY.GDP.MKTP.CD,Africa Eastern and Southern(ZH),1988,,207368870172.406
NY.GDP.MKTP.CD,Africa Eastern and Southern(ZH),1987,,190175229570.901
NY.GDP.MKTP.CD,Africa Eastern and Southern(ZH),1986,,160553515127.741
NY.GDP.MKTP.CD,Africa Eastern and Southern(ZH),1985,,149335153752.165
NY.GDP.MKTP.CD,Africa Eastern and Southern(ZH),1984,,170038515839.183
NY.GDP.MKTP.CD,Africa Eastern and Southern(ZH),1983,,185755503030.119
NY.GDP.MKTP.CD,Africa Eastern and Southern(ZH),1982,,178355547527.525
NY.GDP.MKTP.CD,Africa Eastern and Southern(ZH),1981,,185108969364.767
NY.GDP.MKTP.CD,Africa Eastern and Southern(ZH),1980,,178472295521.021
NY.GDP.MKTP.CD,Africa Eastern and Southern(ZH),1979,,142099959764.832
NY.GDP.MKTP.CD,Africa Eastern and Southern(ZH),1978,,124083421003.115
NY.GDP.MKTP.CD,Africa Eastern and Southern(ZH),1977,,109208244154.943
NY.GDP.MKTP.CD,Africa Eastern and Southern(ZH),1976,,96006417139.9693
NY.GDP.MKTP.CD,Africa Eastern and Southern(ZH),1975,,95295754526.8723
NY.GDP.MKTP.CD,Africa Eastern and Southern(ZH),1974,,89535976340.3865
NY.GDP.MKTP.CD,Africa Eastern and Southern(ZH),1973,,73083598128.6821
NY.GDP.MKTP.CD,Africa Eastern and Southern(ZH),1972,,56726057494.0768
NY.GDP.MKTP.CD,Africa Eastern and Southern(ZH),1971,,52188685166.5557
NY.GDP.MKTP.CD,Africa Eastern and Southern(ZH),1970,,47593907819.7874
NY.GDP.MKTP.CD,Africa Eastern and Southern(ZH),1969,,47048523178.8515
NY.GDP.MKTP.CD,Africa Eastern and Southern(ZH),1968,,41742001495.4024
NY.GDP.MKTP.CD,Africa Eastern and Southern(ZH),1967,,38444163573.9168
NY.GDP.MKTP.CD,Africa Eastern and Southern(ZH),1966,,36927249593.1569
NY.GDP.MKTP.CD,Africa Eastern and Southern(ZH),1965,,33806176716.8471
NY.GDP.MKTP.CD,Africa Eastern and Southern(ZH),1964,,30279553206.6418
NY.GDP.MKTP.CD,Africa Eastern and Southern(ZH),1963,,31769135008.6453
NY.GDP.MKTP.CD,Africa Eastern and Southern(ZH),1962,,27073233856.5389
NY.GDP.MKTP.CD,Africa Eastern and Southern(ZH),1961,,24958886027.4641
NY.GDP.MKTP.CD,Africa Eastern and Southern(ZH),1960,,24205688712.3759
NY.GDP.MKTP.CD,Africa Western and Central(ZI),2024,,736384961061.523
NY.GDP.MKTP.CD,Africa Western and Central(ZI),2023,,938238370514.198
NY.GDP.MKTP.CD,Africa Western and Central(ZI),2022,,1063649130876.99
NY.GDP.MKTP.CD,Africa Western and Central(ZI),2021,,1026651004045.79
NY.GDP.MKTP.CD,Africa Western and Central(ZI),2020,,963784699293.976
NY.GDP.MKTP.CD,Africa Western and Central(ZI),2019,,1026996211935.8
NY.GDP.MKTP.CD,Africa Western and Central(ZI),2018,,777840323023.311
NY.GDP.MKTP.CD,Africa Western and Central(ZI),2017,,694051345937.233
NY.GDP.MKTP.CD,Africa Western and Central(ZI),2016,,700028168335.244
NY.GDP.MKTP.CD,Africa Western and Central(ZI),2015,,778022057597.448
NY.GDP.MKTP.CD,Africa Western and Central(ZI),2014,,904071921008.085
NY.GDP.MKTP.CD,Africa Western and Central(ZI),2013,,844180401591.48
NY.GDP.MKTP.CD,Africa Western and Central(ZI),2012,,748030003656.802
NY.GDP.MKTP.CD,Africa Western and Central(ZI),2011,,691133400013.31
NY.GDP.MKTP.CD,Africa Western and Central(ZI),2010,,605794323433.505
NY.GDP.MKTP.CD,Africa Western and Central(ZI),2009,,515037106035.659
NY.GDP.MKTP.CD,Africa Western and Central(ZI),2008,,574259808704.121
NY.GDP.MKTP.CD,Africa Western and Central(ZI),2007,,470947616490.719
NY.GDP.MKTP.CD,Africa Western and Central(ZI),2006,,402077365740.581
NY.GDP.MKTP.CD,Africa Western and Central(ZI),2005,,316515667947.035
NY.GDP.MKTP.CD,Africa Western and Central(ZI),2004,,257939299771.713
NY.GDP.MKTP.CD,Africa Western and Central(ZI),2003,,208646527354.851
NY.GDP.MKTP.CD,Africa Western and Central(ZI),2002,,180129182230.862
NY.GDP.MKTP.CD,Africa Western and Central(ZI),2001,,150714426912.056
NY.GDP.MKTP.CD,Africa Western and Central(ZI),2000,,142700161610.079
NY.GDP.MKTP.CD,Africa Western and Central(ZI),1999,,140119071338.285
NY.GDP.MKTP.CD,Africa Western and Central(ZI),1998,,297126502718.937
NY.GDP.MKTP.CD,Africa Western and Central(ZI),1997,,276460023661.745
NY.GDP.MKTP.CD,Africa Western and Central(ZI),1996,,263563556144.176
NY.GDP.MKTP.CD,Africa Western and Central(ZI),1995,,207843864308.605
NY.GDP.MKTP.CD,Africa Western and Central(ZI),1994,,135350756019.393
NY.GDP.MKTP.CD,Africa Western and Central(ZI),1993,,130547124413.669
NY.GDP.MKTP.CD,Africa Western and Central(ZI),1992,,125449432677.392
NY.GDP.MKTP.CD,Africa Western and Central(ZI),1991,,130794315519.503
NY.GDP.MKTP.CD,Africa Western and Central(ZI),1990,,124277825786.697
NY.GDP.MKTP.CD,Africa Western and Central(ZI),1989,,104577372052.932
NY.GDP.MKTP.CD,Africa Western and Central(ZI),1988,,111770322169.923
NY.GDP.MKTP.CD,Africa Western and Central(ZI),1987,,112641148828.574
NY.GDP.MKTP.CD,Africa Western and Central(ZI),1986,,109517776160.1
NY.GDP.MKTP.CD,Africa Western and Central(ZI),1985,,138005066699.39
NY.GDP.MKTP.CD,Africa Western and Central(ZI),1984,,131373058519.308
NY.GDP.MKTP.CD,Africa Western and Central(ZI),1983,,151421439334.1
NY.GDP.MKTP.CD,Africa Western and Central(ZI),1982,,196264853551.918
NY.GDP.MKTP.CD,Africa Western and Central(ZI),1981,,217606540487.256
NY.GDP.MKTP.CD,Africa Western and Central(ZI),1980,,121445961252.94
NY.GDP.MKTP.CD,Africa Western and Central(ZI),1979,,96681064864.1808
NY.GDP.MKTP.CD,Africa Western and Central(ZI),1978,,78778080489.5676
NY.GDP.MKTP.CD,Africa Western and Central(ZI),1977,,71789497552.1911
NY.GDP.MKTP.CD,Africa Western and Central(ZI),1976,,68385552348.1688
NY.GDP.MKTP.CD,Africa Western and Central(ZI),1975,,57280116275.6847
NY.GDP.MKTP.CD,Africa Western and Central(ZI),1974,,49687223643.2392
NY.GDP.MKTP.CD,Africa Western and Central(ZI),1973,,36890633234.1126
NY.GDP.MKTP.CD,Africa Western and Central(ZI),1972,,29489425515.7538
NY.GDP.MKTP.CD,Africa Western and Central(ZI),1971,,24496786001.8079
NY.GDP.MKTP.CD,Africa Western and Central(ZI),1970,,26696924213.8055
NY.GDP.MKTP.CD,Africa Western and Central(ZI),1969,,19301191937.1478
NY.GDP.MKTP.CD,Africa Western and Central(ZI),1968,,17022596883.7037
NY.GDP.MKTP.CD,Africa Western and Central(ZI),1967,,16493541543.816
NY.GDP.MKTP.CD,Africa Western and Central(ZI),1966,,18033947666.935
NY.GDP.MKTP.CD,Africa Western and Central(ZI),1965,,16920876929.6607
NY.GDP.MKTP.CD,Africa Western and Central(ZI),1964,,15803564796.4118
NY.GDP.MKTP.CD,Africa Western and Central(ZI),1963,,14468913698.0467
NY.GDP.MKTP.CD,Africa Western and Central(ZI),1962,,13630588814.3032
NY.GDP.MKTP.CD,Africa Western and Central(ZI),1961,,12707719290.6273
NY.GDP.MKTP.CD,Africa Western and Central(ZI),1960,,11904805741.6831
NY.GDP.MKTP.CD,Arab World(1A),2024,,3735881442514.34
NY.GDP.MKTP.CD,Arab World(1A),2023,,3622495663981.78
NY.GDP.MKTP.CD,Arab World(1A),2022,,3747416641077.45
NY.GDP.MKTP.CD,Arab World(1A),2021,,3085141461685.6
NY.GDP.MKTP.CD,Arab World(1A),2020,,2604104981819.8
NY.GDP.MKTP.CD,Arab World(1A),2019,,2965285548936.01
NY.GDP.MKTP.CD,Arab World(1A),2018,,2920829737234.67
NY.GDP.MKTP.CD,Arab World(1A),2017,,2611323720520.0
NY.GDP.MKTP.CD,Arab World(1A),2016,,2536564595458.87
NY.GDP.MKTP.CD,Arab World(1A),2015,,2580328583417.41
NY.GDP.MKTP.CD,Arab World(1A),2014,,2937035588682.67
NY.GDP.MKTP.CD,Arab World(1A),2013,,2883689839002.54
NY.GDP.MKTP.CD,Arab World(1A),2012,,2813567531715.43
NY.GDP.MKTP.CD,Arab World(1A),2011,,2573067811497.98
NY.GDP.MKTP.CD,Arab World(1A),2010,,2161397546202.94
NY.GDP.MKTP.CD,Arab World(1A),2009,,1829849574764.63
NY.GDP.MKTP.CD,Arab World(1A),2008,,2118071078804.52
NY.GDP.MKTP.CD,Arab World(1A),2007,,1674641032780.09
NY.GDP.MKTP.CD,Arab World(1A),2006,,1439461108230.61
NY.GDP.MKTP.CD,Arab World(1A),2005,,1210081969427.04
NY.GDP.MKTP.CD,Arab World(1A),2004,,987304981951.166
NY.GDP.MKTP.CD,Arab World(1A),2003,,830076413454.428
NY.GDP.MKTP.CD,Arab World(1A),2002,,746650656664.553
NY.GDP.MKTP.CD,Arab World(1A),2001,,744722772315.71
NY.GDP.MKTP.CD,Arab World(1A),2000,,763400003917.068
NY.GDP.MKTP.CD,Arab World(1A),1999,,665404837896.43
NY.GDP.MKTP.CD,Arab World(1A),1998,,598783412688.275
NY.GDP.MKTP.CD,Arab World(1A),1997,,614595338335.664
NY.GDP.MKTP.CD,Arab World(1A),1996,,570906157108.378
NY.GDP.MKTP.CD,Arab World(1A),1995,,528474798399.241
NY.GDP.MKTP.CD,Arab World(1A),1994,,499875724097.082
NY.GDP.MKTP.CD,Arab World(1A),1993,,478901764895.936
NY.GDP.MKTP.CD,Arab World(1A),1992,,467773383888.633
NY.GDP.MKTP.CD,Arab World(1A),1991,,467929266012.123
NY.GDP.MKTP.CD,Arab World(1A),1990,,641684045874.297
NY.GDP.MKTP.CD,Arab World(1A),1989,,457356344756.136
NY.GDP.MKTP.CD,Arab World(1A),1988,,429362637000.525
NY.GDP.MKTP.CD,Arab World(1A),1987,,431233175938.527
NY.GDP.MKTP.CD,Arab World(1A),1986,,405451959728.242
NY.GDP.MKTP.CD,Arab World(1A),1985,,432863846846.03
NY.GDP.MKTP.CD,Arab World(1A),1984,,440187316546.138
NY.GDP.MKTP.CD,Arab World(1A),1983,,437476513138.035
NY.GDP.MKTP.CD,Arab World(1A),1982,,463099887499.949
NY.GDP.MKTP.CD,Arab World(1A),1981,,494934288111.785
NY.GDP.MKTP.CD,Arab World(1A),1980,,486438763949.335
NY.GDP.MKTP.CD,Arab World(1A),1979,,358135553984.577
NY.GDP.MKTP.CD,Arab World(1A),1978,,265416211837.584
NY.GDP.MKTP.CD,Arab World(1A),1977,,242286792667.265
NY.GDP.MKTP.CD,Arab World(1A),1976,,210007567495.429
NY.GDP.MKTP.CD,Arab World(1A),1975,,168169966031.31
NY.GDP.MKTP.CD,Arab World(1A),1974,,152199035091.115
NY.GDP.MKTP.CD,Arab World(1A),1973,,79130725986.8478
NY.GDP.MKTP.CD,Arab World(1A),1972,,59970718932.0004
NY.GDP.MKTP.CD,Arab World(1A),1971,,49930151658.848
NY.GDP.MKTP.CD,Arab World(1A),1970,,43094140248.5052
NY.GDP.MKTP.CD,Arab World(1A),1969,,38563619624.2434
NY.GDP.MKTP.CD,Arab World(1A),1968,,34973045350.791
NY.GDP.MKTP.CD,Arab World(1A),1967,,30600869634.5039
NY.GDP.MKTP.CD,Arab World(1A),1966,,28351046183.4396
NY.GDP.MKTP.CD,Arab World(1A),1965,,26771102387.3542
NY.GDP.MKTP.CD,Arab World(1A),1964,,24813307353.8628
NY.GDP.MKTP.CD,Arab World(1A),1963,,22364472061.2973
NY.GDP.MKTP.CD,Arab World(1A),1962,,20329047307.1191
NY.GDP.MKTP.CD,Arab World(1A),1961,,19998438484.7344
NY.GDP.MKTP.CD,Caribbean small states(S3),2024,,90344593407.0488
NY.GDP.MKTP.CD,Caribbean small states(S3),2023,,79534673452.944
NY.GDP.MKTP.CD,Caribbean small states(S3),2022,,78506430710.7309
NY.GDP.MKTP.CD,Caribbean small states(S3),2021,,62687149265.4471
NY.GDP.MKTP.CD,Caribbean small states(S3),2020,,53320869430.7059
NY.GDP.MKTP.CD,Caribbean small states(S3),2019,,62185458482.7062
NY.GDP.MKTP.CD,Caribbean small states(S3),2018,,61252081219.8672
NY.GDP.MKTP.CD,Caribbean small states(S3),2017,,59690101434.3488
NY.GDP.MKTP.CD,Caribbean small states(S3),2016,,58073168349.5106
NY.GDP.MKTP.CD,Caribbean small states(S3),2015,,62545153672.0285
NY.GDP.MKTP.CD,Caribbean small states(S3),2014,,64075043973.1037
NY.GDP.MKTP.CD,Caribbean small states(S3),2013,,62064949752.4886
NY.GDP.MKTP.CD,Caribbean small states(S3),2012,,60427163825.0841
NY.GDP.MKTP.CD,Caribbean small states(S3),2011,,56828150706.0989
NY.GDP.MKTP.CD,Caribbean small states(S3),2010,,53047626322.0273
NY.GDP.MKTP.CD,Caribbean small states(S3),2009,,47913515379.1154
NY.GDP.MKTP.CD,Caribbean small states(S3),2008,,57296315261.9305
NY.GDP.MKTP.CD,Caribbean small states(S3),2007,,49739222993.1148
NY.GDP.MKTP.CD,Caribbean small states(S3),2006,,44325879983.2222
NY.GDP.MKTP.CD,Caribbean small states(S3),2005,,38224293958.7281
NY.GDP.MKTP.CD,Caribbean small states(S3),2004,,33597817092.3498
NY.GDP.MKTP.CD,Caribbean small states(S3),2003,,30589389405.8968
NY.GDP.MKTP.CD,Caribbean small states(S3),2002,,27742046925.4435
NY.GDP.MKTP.CD,Caribbean small states(S3),2001,,26504661126.1591
NY.GDP.MKTP.CD,Caribbean small states(S3),2000,,25625542926.4456
NY.GDP.MKTP.CD,Caribbean small states(S3),1999,,23393912390.0523
NY.GDP.MKTP.CD,Caribbean small states(S3),1998,,21643804665.0628
NY.GDP.MKTP.CD,Caribbean small states(S3),1997,,20074931520.308
NY.GDP.MKTP.CD,Caribbean small states(S3),1996,,16941993239.8086
NY.GDP.MKTP.CD,Caribbean small states(S3),1995,,15732201525.3694
NY.GDP.MKTP.CD,Caribbean small states(S3),1994,,14788599388.7446
NY.GDP.MKTP.CD,Caribbean small states(S3),1993,,13815833341.5092
NY.GDP.MKTP.CD,Caribbean small states(S3),1992,,14242986936.367
NY.GDP.MKTP.CD,Caribbean small states(S3),1991,,13946896742.2113
NY.GDP.MKTP.CD,Caribbean small states(S3),1990,,13573367099.5127
NY.GDP.MKTP.CD,Caribbean small states(S3),1989,,12606272526.7095
NY.GDP.MKTP.CD,Caribbean small states(S3),1988,,12745727415.7592
NY.GDP.MKTP.CD,Caribbean small states(S3),1987,,12334469174.3296
NY.GDP.MKTP.CD,Caribbean small states(S3),1986,,11773697053.1201
NY.GDP.MKTP.CD,Caribbean small states(S3),1985,,13794627075.9123
NY.GDP.MKTP.CD,Caribbean small states(S3),1984,,13689070378.954
NY.GDP.MKTP.CD,Caribbean small states(S3),1983,,13189051711.1814
NY.GDP.MKTP.CD,Caribbean small states(S3),1982,,13292712867.0251
NY.GDP.MKTP.CD,Caribbean small states(S3),1981,,11977463255.1586
NY.GDP.MKTP.CD,Caribbean small states(S3),1980,,10876340879.3427
NY.GDP.MKTP.CD,Caribbean small states(S3),1979,,8405785521.3914
NY.GDP.MKTP.CD,Caribbean small states(S3),1978,,6776416498.50876
NY.GDP.MKTP.CD,Caribbean small states(S3),1977,,5937525886.22228
NY.GDP.MKTP.CD,Caribbean small states(S3),1976,,4937767512.99323
NY.GDP.MKTP.CD,Caribbean small states(S3),1975,,4819825581.33935
NY.GDP.MKTP.CD,Caribbean small states(S3),1974,,4201310614.82803
NY.GDP.MKTP.CD,Caribbean small states(S3),1973,,3173389131.65134
NY.GDP.MKTP.CD,Caribbean small states(S3),1972,,2734457344.6905
NY.GDP.MKTP.CD,Caribbean small states(S3),1971,,2457968135.09375
NY.GDP.MKTP.CD,Caribbean small states(S3),1970,,2268330542.34162
NY.GDP.MKTP.CD,Caribbean small states(S3),1969,,2152507805.36929
NY.GDP.MKTP.CD,Caribbean small states(S3),1968,,1980508885.71067
NY.GDP.MKTP.CD,Caribbean small states(S3),1967,,1929997389.27725
NY.GDP.MKTP.CD,Caribbean small states(S3),1966,,1763304085.16679
NY.GDP.MKTP.CD,Caribbean small states(S3),1965,,1658476310.98942
NY.GDP.MKTP.CD,Caribbean small states(S3),1964,,1546223257.5277
NY.GDP.MKTP.CD,Caribbean small states(S3),1963,,1447988752.00055
NY.GDP.MKTP.CD,Caribbean small states(S3),1962,,1356047349.50434
NY.GDP.MKTP.CD,Caribbean small states(S3),1961,,1272022469.10602
NY.GDP.MKTP.CD,Caribbean small states(S3),1960,,1165303060.28689
NY.GDP.MKTP.CD,Central Europe and the Baltics(B8),2024,,2462005273603.48
NY.GDP.MKTP.CD,Central Europe and the Baltics(B8),2023,,2273205742208.3
NY.GDP.MKTP.CD,Central Europe and the Baltics(B8),2022,,1954419184114.96
NY.GDP.MKTP.CD,Central Europe and the Baltics(B8),2021,,1926347717339.0
NY.GDP.MKTP.CD,Central Europe and the Baltics(B8),2020,,1678294256145.3
NY.GDP.MKTP.CD,Central Europe and the Baltics(B8),2019,,1684318282245.77
NY.GDP.MKTP.CD,Central Europe and the Baltics(B8),2018,,1656383422202.66
NY.GDP.MKTP.CD,Central Europe and the Baltics(B8),2017,,1467501784248.85
NY.GDP.MKTP.CD,Central Europe and the Baltics(B8),2016,,1321561415743.83
NY.GDP.MKTP.CD,Central Europe and the Baltics(B8),2015,,1297141271990.05
NY.GDP.MKTP.CD,Central Europe and the Baltics(B8),2014,,1467451281263.28
NY.GDP.MKTP.CD,Central Europe and the Baltics(B8),2013,,1420222538112.93
NY.GDP.MKTP.CD,Central Europe and the Baltics(B8),2012,,1361899009858.4
NY.GDP.MKTP.CD,Central Europe and the Baltics(B8),2011,,1458155270134.3
NY.GDP.MKTP.CD,Central Europe and the Baltics(B8),2010,,1319443729249.66
NY.GDP.MKTP.CD,Central Europe and the Baltics(B8),2009,,1289259547165.21
NY.GDP.MKTP.CD,Central Europe and the Baltics(B8),2008,,1530264815688.71
NY.GDP.MKTP.CD,Central Europe and the Baltics(B8),2007,,1264257753875.72
NY.GDP.MKTP.CD,Central Europe and the Baltics(B8),2006,,1001314786967.89
NY.GDP.MKTP.CD,Central Europe and the Baltics(B8),2005,,885715817927.209
NY.GDP.MKTP.CD,Central Europe and the Baltics(B8),2004,,763490469817.591
NY.GDP.MKTP.CD,Central Europe and the Baltics(B8),2003,,634291134326.277
NY.GDP.MKTP.CD,Central Europe and the Baltics(B8),2002,,528524764911.334
NY.GDP.MKTP.CD,Central Europe and the Baltics(B8),2001,,469501416107.35
NY.GDP.MKTP.CD,Central Europe and the Baltics(B8),2000,,429412709571.523
NY.GDP.MKTP.CD,Central Europe and the Baltics(B8),1999,,436027644107.052
NY.GDP.MKTP.CD,Central Europe and the Baltics(B8),1998,,449843473353.657
NY.GDP.MKTP.CD,Central Europe and the Baltics(B8),1997,,411143082438.382
NY.GDP.MKTP.CD,Central Europe and the Baltics(B8),1996,,417518097817.205
NY.GDP.MKTP.CD,Central Europe and the Baltics(B8),1995,,394762398480.378
NY.GDP.MKTP.CD,Central Europe and the Baltics(B8),1994,,308675977161.455
NY.GDP.MKTP.CD,Central Europe and the Baltics(B8),1993,,270374645291.362
NY.GDP.MKTP.CD,Central Europe and the Baltics(B8),1992,,255096853829.453
NY.GDP.MKTP.CD,Central Europe and the Baltics(B8),1991,,246710634295.862
NY.GDP.MKTP.CD,Central Europe and the Baltics(B8),1990,,272115195628.928
NY.GDP.MKTP.CD,Early-demographic dividend(V2),2024,,15808304487948.1
NY.GDP.MKTP.CD,Early-demographic dividend(V2),2023,,14933453330998.3
NY.GDP.MKTP.CD,Early-demographic dividend(V2),2022,,14034689936337.3
NY.GDP.MKTP.CD,Early-demographic dividend(V2),2021,,12695008338487.8
NY.GDP.MKTP.CD,Early-demographic dividend(V2),2020,,10823343545638.3
NY.GDP.MKTP.CD,Early-demographic dividend(V2),2019,,11686574879191.1
NY.GDP.MKTP.CD,Early-demographic dividend(V2),2018,,11478917653356.5
NY.GDP.MKTP.CD,Early-demographic dividend(V2),2017,,11320553240043.8
NY.GDP.MKTP.CD,Early-demographic dividend(V2),2016,,10423237803666.1
NY.GDP.MKTP.CD,Early-demographic dividend(V2),2015,,10127250782286.2
NY.GDP.MKTP.CD,Early-demographic dividend(V2),2014,,10533364326771.5
NY.GDP.MKTP.CD,Early-demographic dividend(V2),2013,,10330333855700.2
NY.GDP.MKTP.CD,Early-demographic dividend(V2),2012,,10275142735646.4
NY.GDP.MKTP.CD,Early-demographic dividend(V2),2011,,9832704039068.24
NY.GDP.MKTP.CD,Early-demographic dividend(V2),2010,,8719722451021.04
NY.GDP.MKTP.CD,Early-demographic dividend(V2),2009,,7179119134034.64
NY.GDP.MKTP.CD,Early-demographic dividend(V2),2008,,7461798613306.43
NY.GDP.MKTP.CD,Early-demographic dividend(V2),2007,,6631053551528.64
NY.GDP.MKTP.CD,Early-demographic dividend(V2),2006,,5600388912441.22
NY.GDP.MKTP.CD,Early-demographic dividend(V2),2005,,4897834756101.33
NY.GDP.MKTP.CD,Early-demographic dividend(V2),2004,,4209733389066.63
NY.GDP.MKTP.CD,Early-demographic dividend(V2),2003,,3622513779274.76
NY.GDP.MKTP.CD,Early-demographic dividend(V2),2002,,3255787156323.37
NY.GDP.MKTP.CD,Early-demographic dividend(V2),2001,,3351822804548.09
NY.GDP.MKTP.CD,Early-demographic dividend(V2),2000,,3378295866754.26
NY.GDP.MKTP.CD,Early-demographic dividend(V2),1999,,3090855529444.24
NY.GDP.MKTP.CD,Early-demographic dividend(V2),1998,,2921281348182.23
NY.GDP.MKTP.CD,Early-demographic dividend(V2),1997,,3029966854142.86
NY.GDP.MKTP.CD,Early-demographic dividend(V2),1996,,2836341459574.38
NY.GDP.MKTP.CD,Early-demographic dividend(V2),1995,,2616825349456.6
NY.GDP.MKTP.CD,Early-demographic dividend(V2),1994,,2502107597947.33
NY.GDP.MKTP.CD,Early-demographic dividend(V2),1993,,2381953146975.35
NY.GDP.MKTP.CD,Early-demographic dividend(V2),1992,,2207967005422.93
NY.GDP.MKTP.CD,Early-demographic dividend(V2),1991,,2032104613561.74
NY.GDP.MKTP.CD,Early-demographic dividend(V2),1990,,1915433566099.57
NY.GDP.MKTP.CD,Early-demographic dividend(V2),1989,,1634255193569.59
NY.GDP.MKTP.CD,Early-demographic dividend(V2),1988,,1606574808086.1
NY.GDP.MKTP.CD,Early-demographic dividend(V2),1987,,1521911883272.76
NY.GDP.MKTP.CD,Early-demographic dividend(V2),1986,,1498034888889.96
NY.GDP.MKTP.CD,Early-demographic dividend(V2),1985,,1490483608577.59
NY.GDP.MKTP.CD,Early-demographic dividend(V2),1984,,1494712751952.32
NY.GDP.MKTP.CD,Early-demographic dividend(V2),1983,,1474006434239.97
NY.GDP.MKTP.CD,Early-demographic dividend(V2),1982,,1460539930822.8
NY.GDP.MKTP.CD,Early-demographic dividend(V2),1981,,1531909890330.96
NY.GDP.MKTP.CD,Early-demographic dividend(V2),1980,,1382501835902.97
NY.GDP.MKTP.CD,Early-demographic dividend(V2),1979,,1111836214805.12
NY.GDP.MKTP.CD,Early-demographic dividend(V2),1978,,944725702178.608
NY.GDP.MKTP.CD,Early-demographic dividend(V2),1977,,827431694414.616
NY.GDP.MKTP.CD,Early-demographic dividend(V2),1976,,739999717047.563
NY.GDP.MKTP.CD,Early-demographic dividend(V2),1975,,677326175290.985
NY.GDP.MKTP.CD,Early-demographic dividend(V2),1974,,632677956824.657
NY.GDP.MKTP.CD,Early-demographic dividend(V2),1973,,451330007897.131
NY.GDP.MKTP.CD,Early-demographic dividend(V2),1972,,352709582632.978
NY.GDP.MKTP.CD,Early-demographic dividend(V2),1971,,319666547823.284
NY.GDP.MKTP.CD,Early-demographic dividend(V2),1970,,296902005244.168
NY.GDP.MKTP.CD,Early-demographic dividend(V2),1969,,278946058537.51
NY.GDP.MKTP.CD,Early-demographic dividend(V2),1968,,249635352315.78
NY.GDP.MKTP.CD,Early-demographic dividend(V2),1967,,228982484399.536
NY.GDP.MKTP.CD,Early-demographic dividend(V2),1966,,216877873081.118
NY.GDP.MKTP.CD,Early-demographic dividend(V2),1965,,218951522604.693
NY.GDP.MKTP.CD,Early-demographic dividend(V2),1964,,201822394409.762
NY.GDP.MKTP.CD,Early-demographic dividend(V2),1963,,175994009911.133
NY.GDP.MKTP.CD,Early-demographic dividend(V2),1962,,159435896119.118
NY.GDP.MKTP.CD,Early-demographic dividend(V2),1961,,157593209302.864
NY.GDP.MKTP.CD,Early-demographic dividend(V2),1960,,144721677770.045
NY.GDP.MKTP.CD,East Asia & Pacific(Z4),2024,,32017179839273.0
NY.GDP.MKTP.CD,East Asia & Pacific(Z4),2023,,31417826880875.0
NY.GDP.MKTP.CD,East Asia & Pacific(Z4),2022,,31266291368260.6
NY.GDP.MKTP.CD,East Asia & Pacific(Z4),2021,,31675719814404.9
NY.GDP.MKTP.CD,East Asia & Pacific(Z4),2020,,27578839610232.4
NY.GDP.MKTP.CD,East Asia & Pacific(Z4),2019,,27427259967363.2
NY.GDP.MKTP.CD,East Asia & Pacific(Z4),2018,,26853593303707.3
NY.GDP.MKTP.CD,East Asia & Pacific(Z4),2017,,24656162308335.2
NY.GDP.MKTP.CD,East Asia & Pacific(Z4),2016,,23089672188769.4
NY.GDP.MKTP.CD,East Asia & Pacific(Z4),2015,,22299105656919.6
NY.GDP.MKTP.CD,East Asia & Pacific(Z4),2014,,22372206647098.1
NY.GDP.MKTP.CD,East Asia & Pacific(Z4),2013,,21659293723344.2
NY.GDP.MKTP.CD,East Asia & Pacific(Z4),2012,,21382308600766.1
NY.GDP.MKTP.CD,East Asia & Pacific(Z4),2011,,19978722203920.9
NY.GDP.MKTP.CD,East Asia & Pacific(Z4),2010,,17239317220822.1
NY.GDP.MKTP.CD,East Asia & Pacific(Z4),2009,,14764315682393.8
NY.GDP.MKTP.CD,East Asia & Pacific(Z4),2008,,14343483215174.2
NY.GDP.MKTP.CD,East Asia & Pacific(Z4),2007,,12437519828885.7
NY.GDP.MKTP.CD,East Asia & Pacific(Z4),2006,,11119747675836.3
NY.GDP.MKTP.CD,East Asia & Pacific(Z4),2005,,10482706260278.9
NY.GDP.MKTP.CD,East Asia & Pacific(Z4),2004,,9819681145695.01
NY.GDP.MKTP.CD,East Asia & Pacific(Z4),2003,,8753448863353.34
NY.GDP.MKTP.CD,East Asia & Pacific(Z4),2002,,7956172633989.7
NY.GDP.MKTP.CD,East Asia & Pacific(Z4),2001,,7826463883839.79
NY.GDP.MKTP.CD,East Asia & Pacific(Z4),2000,,8412453304524.13
NY.GDP.MKTP.CD,East Asia & Pacific(Z4),1999,,7773840546154.07
NY.GDP.MKTP.CD,East Asia & Pacific(Z4),1998,,6955954583769.84
NY.GDP.MKTP.CD,East Asia & Pacific(Z4),1997,,7772693781558.03
NY.GDP.MKTP.CD,East Asia & Pacific(Z4),1996,,8130483838052.5
NY.GDP.MKTP.CD,East Asia & Pacific(Z4),1995,,8434543754117.74
NY.GDP.MKTP.CD,East Asia & Pacific(Z4),1994,,7425405636883.66
NY.GDP.MKTP.CD,East Asia & Pacific(Z4),1993,,6636847751412.68
NY.GDP.MKTP.CD,East Asia & Pacific(Z4),1992,,5932829360031.94
NY.GDP.MKTP.CD,East Asia & Pacific(Z4),1991,,5427202639061.34
NY.GDP.MKTP.CD,East Asia & Pacific(Z4),1990,,4803290180331.84
NY.GDP.MKTP.CD,East Asia & Pacific(Z4),1989,,4601033436533.33
NY.GDP.MKTP.CD,East Asia & Pacific(Z4),1988,,4417683853665.45
NY.GDP.MKTP.CD,East Asia & Pacific(Z4),1987,,3674655679101.68
NY.GDP.MKTP.CD,East Asia & Pacific(Z4),1986,,3129485037094.75
NY.GDP.MKTP.CD,East Asia & Pacific(Z4),1985,,2394790644030.34
NY.GDP.MKTP.CD,East Asia & Pacific(Z4),1984,,2270398820971.54
NY.GDP.MKTP.CD,East Asia & Pacific(Z4),1983,,2122245718331.56
NY.GDP.MKTP.CD,East Asia & Pacific(Z4),1982,,1993801305392.76
NY.GDP.MKTP.CD,East Asia & Pacific(Z4),1981,,2035238690119.8
NY.GDP.MKTP.CD,East Asia & Pacific(Z4),1980,,1847683906919.31
NY.GDP.MKTP.CD,East Asia & Pacific(Z4),1979,,1707937978688.0
NY.GDP.MKTP.CD,East Asia & Pacific(Z4),1978,,1572466264984.33
NY.GDP.MKTP.CD,East Asia & Pacific(Z4),1977,,1244835424362.48
NY.GDP.MKTP.CD,East Asia & Pacific(Z4),1976,,1044586002622.97
NY.GDP.MKTP.CD,East Asia & Pacific(Z4),1975,,949601251437.203
NY.GDP.MKTP.CD,East Asia & Pacific(Z4),1974,,867697064525.542
NY.GDP.MKTP.CD,East Asia & Pacific(Z4),1973,,751994474883.851
NY.GDP.MKTP.CD,East Asia & Pacific(Z4),1972,,570488659290.281
NY.GDP.MKTP.CD,East Asia & Pacific(Z4),1971,,458861299357.063
NY.GDP.MKTP.CD,East Asia & Pacific(Z4),1970,,412911499094.696
NY.GDP.MKTP.CD,East Asia & Pacific(Z4),1969,,358520931889.826
NY.GDP.MKTP.CD,East Asia & Pacific(Z4),1968,,310918325049.37
NY.GDP.MKTP.CD,East Asia & Pacific(Z4),1967,,281428064740.649
NY.GDP.MKTP.CD,East Asia & Pacific(Z4),1966,,258961623498.601
NY.GDP.MKTP.CD,East Asia & Pacific(Z4),1965,,231441256707.029
NY.GDP.MKTP.CD,East Asia & Pacific(Z4),1964,,207928170527.111
NY.GDP.MKTP.CD,East Asia & Pacific(Z4),1963,,181110123774.702
NY.GDP.MKTP.CD,East Asia & Pacific(Z4),1962,,162276885099.764
NY.GDP.MKTP.CD,East Asia & Pacific(Z4),1961,,158550649387.071
NY.GDP.MKTP.CD,East Asia & Pacific(Z4),1960,,157319051227.593
NY.GDP.MKTP.CD,East Asia & Pacific (excluding high income)(4E),2024,,22260810771875.1
NY.GDP.MKTP.CD,East Asia & Pacific (excluding high income)(4E),2023,,21644412635340.6
NY.GDP.MKTP.CD,East Asia & Pacific (excluding high income)(4E),2022,,21563881384135.8
NY.GDP.MKTP.CD,East Asia & Pacific (excluding high income)(4E),2021,,21231425978691.4
NY.GDP.MKTP.CD,East Asia & Pacific (excluding high income)(4E),2020,,17805166443182.2
NY.GDP.MKTP.CD,East Asia & Pacific (excluding high income)(4E),2019,,17503274977303.3
NY.GDP.MKTP.CD,East Asia & Pacific (excluding high income)(4E),2018,,16902110052652.3
NY.GDP.MKTP.CD,East Asia & Pacific (excluding high income)(4E),2017,,15115625540264.8
NY.GDP.MKTP.CD,East Asia & Pacific (excluding high income)(4E),2016,,13844122751569.4
NY.GDP.MKTP.CD,East Asia & Pacific (excluding high income)(4E),2015,,13548904084321.4
NY.GDP.MKTP.CD,East Asia & Pacific (excluding high income)(4E),2014,,13004689014662.5
NY.GDP.MKTP.CD,East Asia & Pacific (excluding high income)(4E),2013,,12047512338954.1
NY.GDP.MKTP.CD,East Asia & Pacific (excluding high income)(4E),2012,,10905337947546.2
NY.GDP.MKTP.CD,East Asia & Pacific (excluding high income)(4E),2011,,9774259220654.2
NY.GDP.MKTP.CD,East Asia & Pacific (excluding high income)(4E),2010,,8008611577123.89
NY.GDP.MKTP.CD,East Asia & Pacific (excluding high income)(4E),2009,,6581352893096.84
NY.GDP.MKTP.CD,East Asia & Pacific (excluding high income)(4E),2008,,6062017772754.35
NY.GDP.MKTP.CD,East Asia & Pacific (excluding high income)(4E),2007,,4787054921838.08
NY.GDP.MKTP.CD,East Asia & Pacific (excluding high income)(4E),2006,,3783276519033.74
NY.GDP.MKTP.CD,East Asia & Pacific (excluding high income)(4E),2005,,3140094784139.39
NY.GDP.MKTP.CD,East Asia & Pacific (excluding high income)(4E),2004,,2712364424518.89
NY.GDP.MKTP.CD,East Asia & Pacific (excluding high income)(4E),2003,,2337899791147.23
NY.GDP.MKTP.CD,East Asia & Pacific (excluding high income)(4E),2002,,2063860728539.44
NY.GDP.MKTP.CD,East Asia & Pacific (excluding high income)(4E),2001,,1862932027297.4
NY.GDP.MKTP.CD,East Asia & Pacific (excluding high income)(4E),2000,,1748618348986.43
NY.GDP.MKTP.CD,East Asia & Pacific (excluding high income)(4E),1999,,1587766769203.35
NY.GDP.MKTP.CD,East Asia & Pacific (excluding high income)(4E),1998,,1441284604894.45
NY.GDP.MKTP.CD,East Asia & Pacific (excluding high income)(4E),1997,,1576765689230.4
NY.GDP.MKTP.CD,East Asia & Pacific (excluding high income)(4E),1996,,1523108085146.29
NY.GDP.MKTP.CD,East Asia & Pacific (excluding high income)(4E),1995,,1325739943462.75
NY.GDP.MKTP.CD,East Asia & Pacific (excluding high income)(4E),1994,,1074481772219.03
NY.GDP.MKTP.CD,East Asia & Pacific (excluding high income)(4E),1993,,892446273872.149
NY.GDP.MKTP.CD,East Asia & Pacific (excluding high income)(4E),1992,,812994672964.462
NY.GDP.MKTP.CD,East Asia & Pacific (excluding high income)(4E),1991,,724654932688.966
NY.GDP.MKTP.CD,East Asia & Pacific (excluding high income)(4E),1990,,667410241508.278
NY.GDP.MKTP.CD,East Asia & Pacific (excluding high income)(4E),1989,,622836056673.595
NY.GDP.MKTP.CD,East Asia & Pacific (excluding high income)(4E),1988,,576126858481.928
NY.GDP.MKTP.CD,East Asia & Pacific (excluding high income)(4E),1987,,519033465046.499
NY.GDP.MKTP.CD,East Asia & Pacific (excluding high income)(4E),1986,,525182739596.105
NY.GDP.MKTP.CD,East Asia & Pacific (excluding high income)(4E),1985,,526600751089.372
NY.GDP.MKTP.CD,East Asia & Pacific (excluding high income)(4E),1984,,480915094642.189
NY.GDP.MKTP.CD,East Asia & Pacific (excluding high income)(4E),1983,,443839881509.845
NY.GDP.MKTP.CD,East Asia & Pacific (excluding high income)(4E),1982,,423850572150.819
NY.GDP.MKTP.CD,East Asia & Pacific (excluding high income)(4E),1981,,403551450432.948
NY.GDP.MKTP.CD,East Asia & Pacific (excluding high income)(4E),1980,,377947161288.534
NY.GDP.MKTP.CD,East Asia & Pacific (excluding high income)(4E),1979,,327589016955.703
NY.GDP.MKTP.CD,East Asia & Pacific (excluding high income)(4E),1978,,282919061354.682
NY.GDP.MKTP.CD,East Asia & Pacific (excluding high income)(4E),1977,,291532735013.151
NY.GDP.MKTP.CD,East Asia & Pacific (excluding high income)(4E),1976,,252942981187.157
NY.GDP.MKTP.CD,East Asia & Pacific (excluding high income)(4E),1975,,248772601176.036
NY.GDP.MKTP.CD,East Asia & Pacific (excluding high income)(4E),1974,,221665588687.632
NY.GDP.MKTP.CD,East Asia & Pacific (excluding high income)(4E),1973,,195616567916.784
NY.GDP.MKTP.CD,East Asia & Pacific (excluding high income)(4E),1972,,155518448869.276
NY.GDP.MKTP.CD,East Asia & Pacific (excluding high income)(4E),1971,,136580265754.987
NY.GDP.MKTP.CD,East Asia & Pacific (excluding high income)(4E),1970,,127182556289.611
NY.GDP.MKTP.CD,East Asia & Pacific (excluding high income)(4E),1969,,114217981695.758
NY.GDP.MKTP.CD,East Asia & Pacific (excluding high income)(4E),1968,,101580829248.914
NY.GDP.MKTP.CD,East Asia & Pacific (excluding high income)(4E),1967,,100474855679.916
NY.GDP.MKTP.CD,East Asia & Pacific (excluding high income)(4E),1966,,103483052014.092
NY.GDP.MKTP.CD,East Asia & Pacific (excluding high income)(4E),1965,,94594887799.9548
NY.GDP.MKTP.CD,East Asia & Pacific (excluding high income)(4E),1964,,81184317665.9229
NY.GDP.MKTP.CD,East Asia & Pacific (excluding high income)(4E),1963,,70288432260.5342
NY.GDP.MKTP.CD,East Asia & Pacific (excluding high income)(4E),1962,,64989160572.5448
NY.GDP.MKTP.CD,East Asia & Pacific (excluding high income)(4E),1961,,71247395333.073
NY.GDP.MKTP.CD,East Asia & Pacific (excluding high income)(4E),1960,,80886065110.4852
NY.GDP.MKTP.CD,East Asia & Pacific (IDA & IBRD countries)(T4),2024,,22233362919728.4
NY.GDP.MKTP.CD,East Asia & Pacific (IDA & IBRD countries)(T4),2023,,21617676926854.5
NY.GDP.MKTP.CD,East Asia & Pacific (IDA & IBRD countries)(T4),2022,,21537214774462.6
NY.GDP.MKTP.CD,East Asia & Pacific (IDA & IBRD countries)(T4),2021,,21205187136185.7
NY.GDP.MKTP.CD,East Asia & Pacific (IDA & IBRD countries)(T4),2020,,17783207218899.1
NY.GDP.MKTP.CD,East Asia & Pacific (IDA & IBRD countries)(T4),2019,,17481715455963.4
NY.GDP.MKTP.CD,East Asia & Pacific (IDA & IBRD countries)(T4),2018,,16881316789674.4
NY.GDP.MKTP.CD,East Asia & Pacific (IDA & IBRD countries)(T4),2017,,15097056837158.2
NY.GDP.MKTP.CD,East Asia & Pacific (IDA & IBRD countries)(T4),2016,,13827151057380.2
NY.GDP.MKTP.CD,East Asia & Pacific (IDA & IBRD countries)(T4),2015,,13532272043462.5
NY.GDP.MKTP.CD,East Asia & Pacific (IDA & IBRD countries)(T4),2014,,12988712786591.7
NY.GDP.MKTP.CD,East Asia & Pacific (IDA & IBRD countries)(T4),2013,,12032711129058.2
NY.GDP.MKTP.CD,East Asia & Pacific (IDA & IBRD countries)(T4),2012,,10891968350841.7
NY.GDP.MKTP.CD,East Asia & Pacific (IDA & IBRD countries)(T4),2011,,9762256276676.58
NY.GDP.MKTP.CD,East Asia & Pacific (IDA & IBRD countries)(T4),2010,,7998796323270.31
NY.GDP.MKTP.CD,East Asia & Pacific (IDA & IBRD countries)(T4),2009,,6573327283810.49
NY.GDP.MKTP.CD,East Asia & Pacific (IDA & IBRD countries)(T4),2008,,6054648571433.55
NY.GDP.MKTP.CD,East Asia & Pacific (IDA & IBRD countries)(T4),2007,,4781270693838.79
NY.GDP.MKTP.CD,East Asia & Pacific (IDA & IBRD countries)(T4),2006,,3778751294371.62
NY.GDP.MKTP.CD,East Asia & Pacific (IDA & IBRD countries)(T4),2005,,3136374977327.23
NY.GDP.MKTP.CD,East Asia & Pacific (IDA & IBRD countries)(T4),2004,,2709157341014.45
NY.GDP.MKTP.CD,East Asia & Pacific (IDA & IBRD countries)(T4),2003,,2335145056810.17
NY.GDP.MKTP.CD,East Asia & Pacific (IDA & IBRD countries)(T4),2002,,2061454246187.87
NY.GDP.MKTP.CD,East Asia & Pacific (IDA & IBRD countries)(T4),2001,,1860776095129.07
NY.GDP.MKTP.CD,East Asia & Pacific (IDA & IBRD countries)(T4),2000,,1746600304168.03
NY.GDP.MKTP.CD,East Asia & Pacific (IDA & IBRD countries)(T4),1999,,1585945646801.91
NY.GDP.MKTP.CD,East Asia & Pacific (IDA & IBRD countries)(T4),1998,,1439654527490.28
NY.GDP.MKTP.CD,East Asia & Pacific (IDA & IBRD countries)(T4),1997,,1574968030449.8
NY.GDP.MKTP.CD,East Asia & Pacific (IDA & IBRD countries)(T4),1996,,1521371528098.09
NY.GDP.MKTP.CD,East Asia & Pacific (IDA & IBRD countries)(T4),1995,,1324237119507.35
NY.GDP.MKTP.CD,East Asia & Pacific (IDA & IBRD countries)(T4),1994,,1073279171690.89
NY.GDP.MKTP.CD,East Asia & Pacific (IDA & IBRD countries)(T4),1993,,891466245843.003
NY.GDP.MKTP.CD,East Asia & Pacific (IDA & IBRD countries)(T4),1992,,812130263840.671
NY.GDP.MKTP.CD,East Asia & Pacific (IDA & IBRD countries)(T4),1991,,723904575173.197
NY.GDP.MKTP.CD,East Asia & Pacific (IDA & IBRD countries)(T4),1990,,666725912038.333
NY.GDP.MKTP.CD,East Asia & Pacific (IDA & IBRD countries)(T4),1989,,622193930069.762
NY.GDP.MKTP.CD,East Asia & Pacific (IDA & IBRD countries)(T4),1988,,575525093193.548
NY.GDP.MKTP.CD,East Asia & Pacific (IDA & IBRD countries)(T4),1987,,518488360539.102
NY.GDP.MKTP.CD,East Asia & Pacific (IDA & IBRD countries)(T4),1986,,524621676243.052
NY.GDP.MKTP.CD,East Asia & Pacific (IDA & IBRD countries)(T4),1985,,526032437680.959
NY.GDP.MKTP.CD,East Asia & Pacific (IDA & IBRD countries)(T4),1984,,480403927228.946
NY.GDP.MKTP.CD,East Asia & Pacific (IDA & IBRD countries)(T4),1983,,443371246698.137
NY.GDP.MKTP.CD,East Asia & Pacific (IDA & IBRD countries)(T4),1982,,423407966724.839
NY.GDP.MKTP.CD,East Asia & Pacific (IDA & IBRD countries)(T4),1981,,403129803803.166
NY.GDP.MKTP.CD,East Asia & Pacific (IDA & IBRD countries)(T4),1980,,377549806578.642
NY.GDP.MKTP.CD,East Asia & Pacific (IDA & IBRD countries)(T4),1979,,327249769951.168
NY.GDP.MKTP.CD,East Asia & Pacific (IDA & IBRD countries)(T4),1978,,282630837737.006
NY.GDP.MKTP.CD,East Asia & Pacific (IDA & IBRD countries)(T4),1977,,291229976122.31
NY.GDP.MKTP.CD,East Asia & Pacific (IDA & IBRD countries)(T4),1976,,252686739157.612
NY.GDP.MKTP.CD,East Asia & Pacific (IDA & IBRD countries)(T4),1975,,248519521080.329
NY.GDP.MKTP.CD,East Asia & Pacific (IDA & IBRD countries)(T4),1974,,221440713584.624
NY.GDP.MKTP.CD,East Asia & Pacific (IDA & IBRD countries)(T4),1973,,195413149940.391
NY.GDP.MKTP.CD,East Asia & Pacific (IDA & IBRD countries)(T4),1972,,155359237838.582
NY.GDP.MKTP.CD,East Asia & Pacific (IDA & IBRD countries)(T4),1971,,136440829735.232
NY.GDP.MKTP.CD,East Asia & Pacific (IDA & IBRD countries)(T4),1970,,127052297158.08
NY.GDP.MKTP.CD,East Asia & Pacific (IDA & IBRD countries)(T4),1969,,114101000754.857
NY.GDP.MKTP.CD,East Asia & Pacific (IDA & IBRD countries)(T4),1968,,101476791156.079
NY.GDP.MKTP.CD,East Asia & Pacific (IDA & IBRD countries)(T4),1967,,100371950314.405
NY.GDP.MKTP.CD,East Asia & Pacific (IDA & IBRD countries)(T4),1966,,103377065683.287
NY.GDP.MKTP.CD,East Asia & Pacific (IDA & IBRD countries)(T4),1965,,94498004640.0973
NY.GDP.MKTP.CD,East Asia & Pacific (IDA & IBRD countries)(T4),1964,,81101169480.9704
NY.GDP.MKTP.CD,East Asia & Pacific (IDA & IBRD countries)(T4),1963,,70216443534.957
NY.GDP.MKTP.CD,East Asia & Pacific (IDA & IBRD countries)(T4),1962,,64922599309.2546
NY.GDP.MKTP.CD,East Asia & Pacific (IDA & IBRD countries)(T4),1961,,71174424446.8864
NY.GDP.MKTP.CD,East Asia & Pacific (IDA & IBRD countries)(T4),1960,,80803222392.8859
NY.GDP.MKTP.CD,Euro area(XC),2024,,16485444160371.0
NY.GDP.MKTP.CD,Euro area(XC),2023,,15854782417877.0
NY.GDP.MKTP.CD,Euro area(XC),2022,,14488160081806.7
NY.GDP.MKTP.CD,Euro area(XC),2021,,14924551716260.4
NY.GDP.MKTP.CD,Euro area(XC),2020,,13267554461613.6
NY.GDP.MKTP.CD,Euro area(XC),2019,,13589774677631.3
NY.GDP.MKTP.CD,Euro area(XC),2018,,13871778197583.7
NY.GDP.MKTP.CD,Euro area(XC),2017,,12841960349280.8
NY.GDP.MKTP.CD,Euro area(XC),2016,,12123283574466.5
NY.GDP.MKTP.CD,Euro area(XC),2015,,11829834353286.1
NY.GDP.MKTP.CD,Euro area(XC),2014,,13682058707498.0
NY.GDP.MKTP.CD,Euro area(XC),2013,,13357283141903.1
NY.GDP.MKTP.CD,Euro area(XC),2012,,12784947379630.9
NY.GDP.MKTP.CD,Euro area(XC),2011,,13808563263632.6
NY.GDP.MKTP.CD,Euro area(XC),2010,,12784744616370.5
NY.GDP.MKTP.CD,Euro area(XC),2009,,13083077526585.9
NY.GDP.MKTP.CD,Euro area(XC),2008,,14295718485782.5
NY.GDP.MKTP.CD,Euro area(XC),2007,,13000311540976.4
NY.GDP.MKTP.CD,Euro area(XC),2006,,11288300255552.1
NY.GDP.MKTP.CD,Euro area(XC),2005,,10611825457675.7
NY.GDP.MKTP.CD,Euro area(XC),2004,,10231007049211.6
NY.GDP.MKTP.CD,Euro area(XC),2003,,8921228124667.76
NY.GDP.MKTP.CD,Euro area(XC),2002,,7241862819845.99
NY.GDP.MKTP.CD,Euro area(XC),2001,,6631899417554.06
NY.GDP.MKTP.CD,Euro area(XC),2000,,6528628817962.73
NY.GDP.MKTP.CD,Euro area(XC),1999,,7148860255013.26
NY.GDP.MKTP.CD,Euro area(XC),1998,,7174357611624.96
NY.GDP.MKTP.CD,Euro area(XC),1997,,6977670410602.33
NY.GDP.MKTP.CD,Euro area(XC),1996,,7629501026055.96
NY.GDP.MKTP.CD,Euro area(XC),1995,,7540043718350.13
NY.GDP.MKTP.CD,Euro area(XC),1994,,6531158637825.7
NY.GDP.MKTP.CD,Euro area(XC),1993,,6180487033219.2
NY.GDP.MKTP.CD,Euro area(XC),1992,,6750506224912.11
NY.GDP.MKTP.CD,Euro area(XC),1991,,6127707302712.63
NY.GDP.MKTP.CD,Euro area(XC),1990,,5905615266811.65
NY.GDP.MKTP.CD,Euro area(XC),1989,,4693107413339.75
NY.GDP.MKTP.CD,Euro area(XC),1988,,4594903614804.26
NY.GDP.MKTP.CD,Euro area(XC),1987,,4177529771751.75
NY.GDP.MKTP.CD,Euro area(XC),1986,,3377295853623.19
NY.GDP.MKTP.CD,Euro area(XC),1985,,2404986753295.59
NY.GDP.MKTP.CD,Euro area(XC),1984,,2341108054746.11
NY.GDP.MKTP.CD,Euro area(XC),1983,,2440096224414.65
NY.GDP.MKTP.CD,Euro area(XC),1982,,2500976094855.11
NY.GDP.MKTP.CD,Euro area(XC),1981,,2583763815177.7
NY.GDP.MKTP.CD,Euro area(XC),1980,,2973694924193.75
NY.GDP.MKTP.CD,Euro area(XC),1979,,2655412251166.7
NY.GDP.MKTP.CD,Euro area(XC),1978,,2191877722237.84
NY.GDP.MKTP.CD,Euro area(XC),1977,,1790121849729.2
NY.GDP.MKTP.CD,Euro area(XC),1976,,1573201555133.45
NY.GDP.MKTP.CD,Euro area(XC),1975,,1507769269988.61
NY.GDP.MKTP.CD,Euro area(XC),1974,,1300640475270.6
NY.GDP.MKTP.CD,Euro area(XC),1973,,1146929346320.65
NY.GDP.MKTP.CD,Euro area(XC),1972,,883626753918.737
NY.GDP.MKTP.CD,Euro area(XC),1971,,731657047532.379
NY.GDP.MKTP.CD,Euro area(XC),1970,,645500835842.668
NY.GDP.MKTP.CD,Euro area(XC),1969,,569734708021.535
NY.GDP.MKTP.CD,Euro area(XC),1968,,509988879945.715
NY.GDP.MKTP.CD,Euro area(XC),1967,,474428505593.993
NY.GDP.MKTP.CD,Euro area(XC),1966,,446517615235.836
NY.GDP.MKTP.CD,Euro area(XC),1965,,412774576471.606
NY.GDP.MKTP.CD,Euro area(XC),1964,,377598986539.21
NY.GDP.MKTP.CD,Euro area(XC),1963,,340786490149.599
NY.GDP.MKTP.CD,Euro area(XC),1962,,309694923223.855
NY.GDP.MKTP.CD,Euro area(XC),1961,,280078203910.322
NY.GDP.MKTP.CD,Euro area(XC),1960,,251618036413.213
NY.GDP.MKTP.CD,Europe & Central Asia(Z7),2024,,29291828957768.8
NY.GDP.MKTP.CD,Europe & Central Asia(Z7),2023,,27732942821913.5
NY.GDP.MKTP.CD,Europe & Central Asia(Z7),2022,,25798700454390.6
NY.GDP.MKTP.CD,Europe & Central Asia(Z7),2021,,25572901699926.6
NY.GDP.MKTP.CD,Europe & Central Asia(Z7),2020,,22322527185686.7
NY.GDP.MKTP.CD,Europe & Central Asia(Z7),2019,,23067540030248.6
NY.GDP.MKTP.CD,Europe & Central Asia(Z7),2018,,23342642668393.2
NY.GDP.MKTP.CD,Europe & Central Asia(Z7),2017,,21791487069281.7
NY.GDP.MKTP.CD,Europe & Central Asia(Z7),2016,,20528432079127.4
NY.GDP.MKTP.CD,Europe & Central Asia(Z7),2015,,20603435735279.6
NY.GDP.MKTP.CD,Europe & Central Asia(Z7),2014,,23920533649825.0
NY.GDP.MKTP.CD,Europe & Central Asia(Z7),2013,,23574066317473.4
NY.GDP.MKTP.CD,Europe & Central Asia(Z7),2012,,22560574822089.8
NY.GDP.MKTP.CD,Europe & Central Asia(Z7),2011,,23432000301407.5
NY.GDP.MKTP.CD,Europe & Central Asia(Z7),2010,,21118677014368.3
NY.GDP.MKTP.CD,Europe & Central Asia(Z7),2009,,20648444471712.4
NY.GDP.MKTP.CD,Europe & Central Asia(Z7),2008,,23453627549028.2
NY.GDP.MKTP.CD,Europe & Central Asia(Z7),2007,,21308302318715.6
NY.GDP.MKTP.CD,Europe & Central Asia(Z7),2006,,18236819891061.4
NY.GDP.MKTP.CD,Europe & Central Asia(Z7),2005,,16835012218380.2
NY.GDP.MKTP.CD,Europe & Central Asia(Z7),2004,,15814841560656.9
NY.GDP.MKTP.CD,Europe & Central Asia(Z7),2003,,13567083586398.5
NY.GDP.MKTP.CD,Europe & Central Asia(Z7),2002,,11156577456679.8
NY.GDP.MKTP.CD,Europe & Central Asia(Z7),2001,,10189029938417.1
NY.GDP.MKTP.CD,Europe & Central Asia(Z7),2000,,10084357140368.8
NY.GDP.MKTP.CD,Europe & Central Asia(Z7),1999,,10693108477805.9
NY.GDP.MKTP.CD,Europe & Central Asia(Z7),1998,,10802596787884.9
NY.GDP.MKTP.CD,Europe & Central Asia(Z7),1997,,10606870959652.7
NY.GDP.MKTP.CD,Europe & Central Asia(Z7),1996,,11170753659602.9
NY.GDP.MKTP.CD,Europe & Central Asia(Z7),1995,,10942224071349.1
NY.GDP.MKTP.CD,Europe & Central Asia(Z7),1994,,9408650267542.72
NY.GDP.MKTP.CD,Europe & Central Asia(Z7),1993,,8995004729126.83
NY.GDP.MKTP.CD,Europe & Central Asia(Z7),1992,,9787841972924.51
NY.GDP.MKTP.CD,Europe & Central Asia(Z7),1991,,9137253599154.57
NY.GDP.MKTP.CD,Europe & Central Asia(Z7),1990,,8870877140631.39
NY.GDP.MKTP.CD,Europe & Central Asia(Z7),1989,,7257702652999.89
NY.GDP.MKTP.CD,Europe & Central Asia(Z7),1988,,7161818798652.39
NY.GDP.MKTP.CD,Europe & Central Asia(Z7),1987,,6431748582275.97
NY.GDP.MKTP.CD,Europe & Central Asia(Z7),1986,,5207541274400.02
NY.GDP.MKTP.CD,Europe & Central Asia(Z7),1985,,3817565719211.52
NY.GDP.MKTP.CD,Europe & Central Asia(Z7),1984,,3689517973067.83
NY.GDP.MKTP.CD,Europe & Central Asia(Z7),1983,,3837932762271.18
NY.GDP.MKTP.CD,Europe & Central Asia(Z7),1982,,3957248458690.98
NY.GDP.MKTP.CD,Europe & Central Asia(Z7),1981,,4105756738593.04
NY.GDP.MKTP.CD,Europe & Central Asia(Z7),1980,,4609261411538.91
NY.GDP.MKTP.CD,Europe & Central Asia(Z7),1979,,4077590131182.29
NY.GDP.MKTP.CD,Europe & Central Asia(Z7),1978,,3344297397044.39
NY.GDP.MKTP.CD,Europe & Central Asia(Z7),1977,,2728001349943.93
NY.GDP.MKTP.CD,Europe & Central Asia(Z7),1976,,2411368600960.78
NY.GDP.MKTP.CD,Europe & Central Asia(Z7),1975,,2319533111918.75
NY.GDP.MKTP.CD,Europe & Central Asia(Z7),1974,,1985792691039.95
NY.GDP.MKTP.CD,Europe & Central Asia(Z7),1973,,1757146541396.18
NY.GDP.MKTP.CD,Europe & Central Asia(Z7),1972,,1381315333741.31
NY.GDP.MKTP.CD,Europe & Central Asia(Z7),1971,,1152050722008.06
NY.GDP.MKTP.CD,Europe & Central Asia(Z7),1970,,1020812176391.15
NY.GDP.MKTP.CD,Europe & Central Asia(Z7),1969,,907972467404.46
NY.GDP.MKTP.CD,Europe & Central Asia(Z7),1968,,818734190049.157
NY.GDP.MKTP.CD,Europe & Central Asia(Z7),1967,,777321336439.052
NY.GDP.MKTP.CD,Europe & Central Asia(Z7),1966,,731699507285.095
NY.GDP.MKTP.CD,Europe & Central Asia(Z7),1965,,676603823141.806
NY.GDP.MKTP.CD,Europe & Central Asia(Z7),1964,,620449239016.733
NY.GDP.MKTP.CD,Europe & Central Asia(Z7),1963,,561372802906.338
NY.GDP.MKTP.CD,Europe & Central Asia(Z7),1962,,513405546288.519
NY.GDP.MKTP.CD,Europe & Central Asia(Z7),1961,,469524853748.684
NY.GDP.MKTP.CD,Europe & Central Asia(Z7),1960,,426666341076.386
NY.GDP.MKTP.CD,Europe & Central Asia (excluding high income)(7E),2024,,2451180144505.47
NY.GDP.MKTP.CD,Europe & Central Asia (excluding high income)(7E),2023,,2143244215113.25
NY.GDP.MKTP.CD,Europe & Central Asia (excluding high income)(7E),2022,,1820242864725.09
NY.GDP.MKTP.CD,Europe & Central Asia (excluding high income)(7E),2021,,1680958734568.53
NY.GDP.MKTP.CD,Europe & Central Asia (excluding high income)(7E),2020,,1446077189727.52
NY.GDP.MKTP.CD,Europe & Central Asia (excluding high income)(7E),2019,,1508679974755.36
NY.GDP.MKTP.CD,Europe & Central Asia (excluding high income)(7E),2018,,1477488205993.51
NY.GDP.MKTP.CD,Europe & Central Asia (excluding high income)(7E),2017,,1499595960769.3
NY.GDP.MKTP.CD,Europe & Central Asia (excluding high income)(7E),2016,,1450171284448.8
NY.GDP.MKTP.CD,Europe & Central Asia (excluding high income)(7E),2015,,1510474002479.16
NY.GDP.MKTP.CD,Europe & Central Asia (excluding high income)(7E),2014,,1735229369225.69
NY.GDP.MKTP.CD,Europe & Central Asia (excluding high income)(7E),2013,,1808692800315.95
NY.GDP.MKTP.CD,Europe & Central Asia (excluding high income)(7E),2012,,1658983451713.25
NY.GDP.MKTP.CD,Europe & Central Asia (excluding high income)(7E),2011,,1574244960285.95
NY.GDP.MKTP.CD,Europe & Central Asia (excluding high income)(7E),2010,,1385078523367.67
NY.GDP.MKTP.CD,Europe & Central Asia (excluding high income)(7E),2009,,1169814065612.09
NY.GDP.MKTP.CD,Europe & Central Asia (excluding high income)(7E),2008,,1402429749896.0
NY.GDP.MKTP.CD,Europe & Central Asia (excluding high income)(7E),2007,,1171542215920.56
NY.GDP.MKTP.CD,Europe & Central Asia (excluding high income)(7E),2006,,929637643372.55
NY.GDP.MKTP.CD,Europe & Central Asia (excluding high income)(7E),2005,,798897294908.649
NY.GDP.MKTP.CD,Europe & Central Asia (excluding high income)(7E),2004,,641341376416.645
NY.GDP.MKTP.CD,Europe & Central Asia (excluding high income)(7E),2003,,498092410579.851
NY.GDP.MKTP.CD,Europe & Central Asia (excluding high income)(7E),2002,,390532064568.536
NY.GDP.MKTP.CD,Europe & Central Asia (excluding high income)(7E),2001,,335649212545.439
NY.GDP.MKTP.CD,Europe & Central Asia (excluding high income)(7E),2000,,391259402609.02
NY.GDP.MKTP.CD,Europe & Central Asia (excluding high income)(7E),1999,,384488217104.006
NY.GDP.MKTP.CD,Europe & Central Asia (excluding high income)(7E),1998,,421386465145.892
NY.GDP.MKTP.CD,Europe & Central Asia (excluding high income)(7E),1997,,420614588838.233
NY.GDP.MKTP.CD,Europe & Central Asia (excluding high income)(7E),1996,,395413043255.679
NY.GDP.MKTP.CD,Europe & Central Asia (excluding high income)(7E),1995,,373845229870.828
NY.GDP.MKTP.CD,Europe & Central Asia (excluding high income)(7E),1994,,265716719680.272
NY.GDP.MKTP.CD,Europe & Central Asia (excluding high income)(7E),1993,,339235852060.503
NY.GDP.MKTP.CD,Europe & Central Asia (excluding high income)(7E),1992,,328451120556.593
NY.GDP.MKTP.CD,Europe & Central Asia (excluding high income)(7E),1991,,341086296065.275
NY.GDP.MKTP.CD,Europe & Central Asia (excluding high income)(7E),1990,,354156720158.529
NY.GDP.MKTP.CD,Europe & Central Asia (excluding high income)(7E),1989,,296012494754.96
NY.GDP.MKTP.CD,Europe & Central Asia (excluding high income)(7E),1988,,260714658021.753
NY.GDP.MKTP.CD,Europe & Central Asia (excluding high income)(7E),1987,,235133242045.119
NY.GDP.MKTP.CD,Europe & Central Asia (IDA & IBRD countries)(T7),2024,,6131674441421.64
NY.GDP.MKTP.CD,Europe & Central Asia (IDA & IBRD countries)(T7),2023,,5562782514647.52
NY.GDP.MKTP.CD,Europe & Central Asia (IDA & IBRD countries)(T7),2022,,5264484546456.79
NY.GDP.MKTP.CD,Europe & Central Asia (IDA & IBRD countries)(T7),2021,,4637763943320.14
NY.GDP.MKTP.CD,Europe & Central Asia (IDA & IBRD countries)(T7),2020,,3924139091384.84
NY.GDP.MKTP.CD,Europe & Central Asia (IDA & IBRD countries)(T7),2019,,4184533628660.37
NY.GDP.MKTP.CD,Europe & Central Asia (IDA & IBRD countries)(T7),2018,,4098990245510.03
NY.GDP.MKTP.CD,Europe & Central Asia (IDA & IBRD countries)(T7),2017,,3927649813354.44
NY.GDP.MKTP.CD,Europe & Central Asia (IDA & IBRD countries)(T7),2016,,3492088089759.5
NY.GDP.MKTP.CD,Europe & Central Asia (IDA & IBRD countries)(T7),2015,,3633660246044.52
NY.GDP.MKTP.CD,Europe & Central Asia (IDA & IBRD countries)(T7),2014,,4653015277488.18
NY.GDP.MKTP.CD,Europe & Central Asia (IDA & IBRD countries)(T7),2013,,4924806846375.52
NY.GDP.MKTP.CD,Europe & Central Asia (IDA & IBRD countries)(T7),2012,,4656388146308.07
NY.GDP.MKTP.CD,Europe & Central Asia (IDA & IBRD countries)(T7),2011,,4461210535265.99
NY.GDP.MKTP.CD,Europe & Central Asia (IDA & IBRD countries)(T7),2010,,3667835476746.74
NY.GDP.MKTP.CD,Europe & Central Asia (IDA & IBRD countries)(T7),2009,,3121801768478.67
NY.GDP.MKTP.CD,Europe & Central Asia (IDA & IBRD countries)(T7),2008,,3936159309738.01
NY.GDP.MKTP.CD,Europe & Central Asia (IDA & IBRD countries)(T7),2007,,3179127986623.93
NY.GDP.MKTP.CD,Europe & Central Asia (IDA & IBRD countries)(T7),2006,,2471273605657.68
NY.GDP.MKTP.CD,Europe & Central Asia (IDA & IBRD countries)(T7),2005,,2042987028459.11
NY.GDP.MKTP.CD,Europe & Central Asia (IDA & IBRD countries)(T7),2004,,1631372379671.26
NY.GDP.MKTP.CD,Europe & Central Asia (IDA & IBRD countries)(T7),2003,,1261017408610.72
NY.GDP.MKTP.CD,Europe & Central Asia (IDA & IBRD countries)(T7),2002,,1024829473187.33
NY.GDP.MKTP.CD,Europe & Central Asia (IDA & IBRD countries)(T7),2001,,911679939950.971
NY.GDP.MKTP.CD,Europe & Central Asia (IDA & IBRD countries)(T7),2000,,896291493004.493
NY.GDP.MKTP.CD,Europe & Central Asia (IDA & IBRD countries)(T7),1999,,824131383383.309
NY.GDP.MKTP.CD,Europe & Central Asia (IDA & IBRD countries)(T7),1998,,949935181537.205
NY.GDP.MKTP.CD,Europe & Central Asia (IDA & IBRD countries)(T7),1997,,1056341129246.72
NY.GDP.MKTP.CD,Europe & Central Asia (IDA & IBRD countries)(T7),1996,,1021239770710.95
NY.GDP.MKTP.CD,Europe & Central Asia (IDA & IBRD countries)(T7),1995,,991380447495.647
NY.GDP.MKTP.CD,Europe & Central Asia (IDA & IBRD countries)(T7),1994,,828927139977.533
NY.GDP.MKTP.CD,Europe & Central Asia (IDA & IBRD countries)(T7),1993,,919179489611.002
NY.GDP.MKTP.CD,Europe & Central Asia (IDA & IBRD countries)(T7),1992,,928555990308.003
NY.GDP.MKTP.CD,Europe & Central Asia (IDA & IBRD countries)(T7),1991,,1001720940076.18
NY.GDP.MKTP.CD,Europe & Central Asia (IDA & IBRD countries)(T7),1990,,1023345711170.5
NY.GDP.MKTP.CD,Europe & Central Asia (IDA & IBRD countries)(T7),1989,,964170299100.99
NY.GDP.MKTP.CD,Europe & Central Asia (IDA & IBRD countries)(T7),1988,,991141939410.738
NY.GDP.MKTP.CD,European Union(EU),2024,,19497115588443.6
NY.GDP.MKTP.CD,European Union(EU),2023,,18659133072074.8
NY.GDP.MKTP.CD,European Union(EU),2022,,17023612496380.4
NY.GDP.MKTP.CD,European Union(EU),2021,,17495226733585.2
NY.GDP.MKTP.CD,European Union(EU),2020,,15504055464107.4
NY.GDP.MKTP.CD,European Union(EU),2019,,15809073096211.4
NY.GDP.MKTP.CD,European Union(EU),2018,,16092403309151.5
NY.GDP.MKTP.CD,European Union(EU),2017,,14871313684625.8
NY.GDP.MKTP.CD,European Union(EU),2016,,13988147697216.6
NY.GDP.MKTP.CD,European Union(EU),2015,,13656252620703.3
NY.GDP.MKTP.CD,European Union(EU),2014,,15763596442222.6
NY.GDP.MKTP.CD,European Union(EU),2013,,15398507628838.6
NY.GDP.MKTP.CD,European Union(EU),2012,,14731876146120.7
NY.GDP.MKTP.CD,European Union(EU),2011,,15874713437636.1
NY.GDP.MKTP.CD,European Union(EU),2010,,14641773544950.6
NY.GDP.MKTP.CD,European Union(EU),2009,,14844813523140.0
NY.GDP.MKTP.CD,European Union(EU),2008,,16364455236166.7
NY.GDP.MKTP.CD,European Union(EU),2007,,14789471689508.0
NY.GDP.MKTP.CD,European Union(EU),2006,,12768357074578.4
NY.GDP.MKTP.CD,European Union(EU),2005,,11954349375612.0
NY.GDP.MKTP.CD,European Union(EU),2004,,11449101966447.2
NY.GDP.MKTP.CD,European Union(EU),2003,,9956860723577.65
NY.GDP.MKTP.CD,European Union(EU),2002,,8100430284893.67
NY.GDP.MKTP.CD,European Union(EU),2001,,7407615944962.45
NY.GDP.MKTP.CD,European Union(EU),2000,,7288481048952.25
NY.GDP.MKTP.CD,European Union(EU),1999,,7936107808460.76
NY.GDP.MKTP.CD,European Union(EU),1998,,7970103042535.26
NY.GDP.MKTP.CD,European Union(EU),1997,,7735885029565.07
NY.GDP.MKTP.CD,European Union(EU),1996,,8433614719069.7
NY.GDP.MKTP.CD,European Union(EU),1995,,8298352822403.7
NY.GDP.MKTP.CD,European Union(EU),1994,,7157908667157.89
NY.GDP.MKTP.CD,European Union(EU),1993,,6750807644414.01
NY.GDP.MKTP.CD,European Union(EU),1992,,7389295673878.14
NY.GDP.MKTP.CD,European Union(EU),1991,,6727631751634.05
NY.GDP.MKTP.CD,European Union(EU),1990,,6505695339260.16
NY.GDP.MKTP.CD,European Union(EU),1989,,5202884439938.86
NY.GDP.MKTP.CD,European Union(EU),1988,,5094084472960.0
NY.GDP.MKTP.CD,European Union(EU),1987,,4639614022608.17
NY.GDP.MKTP.CD,European Union(EU),1986,,3753266239108.06
NY.GDP.MKTP.CD,European Union(EU),1985,,2686730457063.81
NY.GDP.MKTP.CD,European Union(EU),1984,,2612656839102.0
NY.GDP.MKTP.CD,European Union(EU),1983,,2710862889681.46
NY.GDP.MKTP.CD,European Union(EU),1982,,2787868117631.33
NY.GDP.MKTP.CD,European Union(EU),1981,,2890050505826.48
NY.GDP.MKTP.CD,European Union(EU),1980,,3311398072837.09
NY.GDP.MKTP.CD,European Union(EU),1979,,2960086312677.68
NY.GDP.MKTP.CD,European Union(EU),1978,,2449229543717.81
NY.GDP.MKTP.CD,European Union(EU),1977,,2011021369358.25
NY.GDP.MKTP.CD,European Union(EU),1976,,1775046705220.48
NY.GDP.MKTP.CD,European Union(EU),1975,,1694691860215.15
NY.GDP.MKTP.CD,European Union(EU),1974,,1455564730991.19
NY.GDP.MKTP.CD,European Union(EU),1973,,1285760453749.93
NY.GDP.MKTP.CD,European Union(EU),1972,,993807576357.324
NY.GDP.MKTP.CD,European Union(EU),1971,,823997564740.857
NY.GDP.MKTP.CD,European Union(EU),1970,,728936354558.504
NY.GDP.MKTP.CD,European Union(EU),1969,,644490038737.548
NY.GDP.MKTP.CD,European Union(EU),1968,,577537349543.932
NY.GDP.MKTP.CD,European Union(EU),1967,,538186984638.651
NY.GDP.MKTP.CD,European Union(EU),1966,,505529224628.472
NY.GDP.MKTP.CD,European Union(EU),1965,,467012617276.635
NY.GDP.MKTP.CD,European Union(EU),1964,,426774574129.451
NY.GDP.MKTP.CD,European Union(EU),1963,,384746828593.342
NY.GDP.MKTP.CD,European Union(EU),1962,,350242479710.816
NY.GDP.MKTP.CD,European Union(EU),1961,,316957315284.249
NY.GDP.MKTP.CD,European Union(EU),1960,,285151593517.865
NY.GDP.MKTP.CD,Fragile and conflict affected situations(F1),2024,,1652895518697.74
NY.GDP.MKTP.CD,Fragile and conflict affected situations(F1),2023,,1778723185468.2
NY.GDP.MKTP.CD,Fragile and conflict affected situations(F1),2022,,1918272363969.18
NY.GDP.MKTP.CD,Fragile and conflict affected situations(F1),2021,,1740335947472.93
NY.GDP.MKTP.CD,Fragile and conflict affected situations(F1),2020,,1610227321244.27
NY.GDP.MKTP.CD,Fragile and conflict affected situations(F1),2019,,1811454247630.6
NY.GDP.MKTP.CD,Fragile and conflict affected situations(F1),2018,,1556210403398.5
NY.GDP.MKTP.CD,Fragile and conflict affected situations(F1),2017,,1443031828638.41
NY.GDP.MKTP.CD,Fragile and conflict affected situations(F1),2016,,1358130757341.27
NY.GDP.MKTP.CD,Fragile and conflict affected situations(F1),2015,,1481660318787.67
NY.GDP.MKTP.CD,Fragile and conflict affected situations(F1),2014,,1787605499773.02
NY.GDP.MKTP.CD,Fragile and conflict affected situations(F1),2013,,1825595058878.46
NY.GDP.MKTP.CD,Fragile and conflict affected situations(F1),2012,,1855874824709.61
NY.GDP.MKTP.CD,Fragile and conflict affected situations(F1),2011,,1665506572724.03
NY.GDP.MKTP.CD,Fragile and conflict affected situations(F1),2010,,1596645964256.64
NY.GDP.MKTP.CD,Fragile and conflict affected situations(F1),2009,,1342615105225.82
NY.GDP.MKTP.CD,Fragile and conflict affected situations(F1),2008,,1484312853576.3
NY.GDP.MKTP.CD,Fragile and conflict affected situations(F1),2007,,1160668758510.72
NY.GDP.MKTP.CD,Fragile and conflict affected situations(F1),2006,,947253259627.876
NY.GDP.MKTP.CD,Fragile and conflict affected situations(F1),2005,,756354101430.868
NY.GDP.MKTP.CD,Fragile and conflict affected situations(F1),2004,,595876444368.305
NY.GDP.MKTP.CD,Fragile and conflict affected situations(F1),2003,,469847559925.415
NY.GDP.MKTP.CD,Fragile and conflict affected situations(F1),2002,,446089285308.4
NY.GDP.MKTP.CD,Fragile and conflict affected situations(F1),2001,,457048079382.208
NY.GDP.MKTP.CD,Fragile and conflict affected situations(F1),2000,,466929248691.912
NY.GDP.MKTP.CD,Fragile and conflict affected situations(F1),1999,,399400020821.852
NY.GDP.MKTP.CD,Fragile and conflict affected situations(F1),1998,,535179642435.45
NY.GDP.MKTP.CD,Fragile and conflict affected situations(F1),1997,,521200354329.853
NY.GDP.MKTP.CD,Fragile and conflict affected situations(F1),1996,,465760648426.237
NY.GDP.MKTP.CD,Fragile and conflict affected situations(F1),1995,,430901808099.076
NY.GDP.MKTP.CD,Fragile and conflict affected situations(F1),1994,,352567008669.321
NY.GDP.MKTP.CD,Fragile and conflict affected situations(F1),1993,,350711816129.835
NY.GDP.MKTP.CD,Fragile and conflict affected situations(F1),1992,,344196008915.929
NY.GDP.MKTP.CD,Fragile and conflict affected situations(F1),1991,,386413970742.199
NY.GDP.MKTP.CD,Fragile and conflict affected situations(F1),1990,,546007306640.06
NY.GDP.MKTP.CD,Fragile and conflict affected situations(F1),1989,,383035643113.567
NY.GDP.MKTP.CD,Fragile and conflict affected situations(F1),1988,,387019746762.657
NY.GDP.MKTP.CD,Fragile and conflict affected situations(F1),1987,,356312604369.475
NY.GDP.MKTP.CD,Fragile and conflict affected situations(F1),1986,,354355843392.201
NY.GDP.MKTP.CD,Fragile and conflict affected situations(F1),1985,,384377742170.645
NY.GDP.MKTP.CD,Fragile and conflict affected situations(F1),1984,,378000797274.671
NY.GDP.MKTP.CD,Fragile and conflict affected situations(F1),1983,,420187399132.026
NY.GDP.MKTP.CD,Fragile and conflict affected situations(F1),1982,,486768808046.112
NY.GDP.MKTP.CD,Fragile and conflict affected situations(F1),1981,,510372306576.133
NY.GDP.MKTP.CD,Fragile and conflict affected situations(F1),1980,,388229877017.349
NY.GDP.MKTP.CD,Fragile and conflict affected situations(F1),1979,,305997104049.973
NY.GDP.MKTP.CD,Fragile and conflict affected situations(F1),1978,,242767598948.43
NY.GDP.MKTP.CD,Fragile and conflict affected situations(F1),1977,,221370987598.479
NY.GDP.MKTP.CD,Fragile and conflict affected situations(F1),1976,,200509609303.93
NY.GDP.MKTP.CD,Fragile and conflict affected situations(F1),1975,,168821163378.995
NY.GDP.MKTP.CD,Fragile and conflict affected situations(F1),1974,,153919142856.207
NY.GDP.MKTP.CD,Fragile and conflict affected situations(F1),1973,,102251839628.799
NY.GDP.MKTP.CD,Fragile and conflict affected situations(F1),1972,,82669328910.7713
NY.GDP.MKTP.CD,Fragile and conflict affected situations(F1),1971,,71407461835.1812
NY.GDP.MKTP.CD,Fragile and conflict affected situations(F1),1970,,69337148733.7804
NY.GDP.MKTP.CD,Fragile and conflict affected situations(F1),1969,,58222824529.0649
NY.GDP.MKTP.CD,Fragile and conflict affected situations(F1),1968,,51877513129.7901
NY.GDP.MKTP.CD,Fragile and conflict affected situations(F1),1967,,46953517458.6862
NY.GDP.MKTP.CD,Fragile and conflict affected situations(F1),1966,,47607568997.4705
NY.GDP.MKTP.CD,Fragile and conflict affected situations(F1),1965,,44620716060.0225
NY.GDP.MKTP.CD,Fragile and conflict affected situations(F1),1964,,40614223625.4864
NY.GDP.MKTP.CD,Fragile and conflict affected situations(F1),1963,,44880094682.0907
NY.GDP.MKTP.CD,Fragile and conflict affected situations(F1),1962,,39268957404.893
NY.GDP.MKTP.CD,Fragile and conflict affected situations(F1),1961,,35534363196.6949
NY.GDP.MKTP.CD,Fragile and conflict affected situations(F1),1960,,34029503593.0124
NY.GDP.MKTP.CD,Heavily indebted poor countries (HIPC)(XE),2024,,1145111349262.57
NY.GDP.MKTP.CD,Heavily indebted poor countries (HIPC)(XE),2023,,1060316071770.29
NY.GDP.MKTP.CD,Heavily indebted poor countries (HIPC)(XE),2022,,1002501492801.3
NY.GDP.MKTP.CD,Heavily indebted poor countries (HIPC)(XE),2021,,924417463438.7
NY.GDP.MKTP.CD,Heavily indebted poor countries (HIPC)(XE),2020,,816029422839.446
NY.GDP.MKTP.CD,Heavily indebted poor countries (HIPC)(XE),2019,,811372254522.342
NY.GDP.MKTP.CD,Heavily indebted poor countries (HIPC)(XE),2018,,790373898773.38
NY.GDP.MKTP.CD,Heavily indebted poor countries (HIPC)(XE),2017,,735068264238.844
NY.GDP.MKTP.CD,Heavily indebted poor countries (HIPC)(XE),2016,,677200621773.188
NY.GDP.MKTP.KD,Africa Eastern and Southern(ZH),2024,,1104192151938.79
NY.GDP.MKTP.KD,Africa Eastern and Southern(ZH),2023,,1074494847612.58
NY.GDP.MKTP.KD,Africa Eastern and Southern(ZH),2022,,1054137757186.44
NY.GDP.MKTP.KD,Africa Eastern and Southern(ZH),2021,,1016303649247.24
NY.GDP.MKTP.KD,Africa Eastern and Southern(ZH),2020,,971806829572.918
NY.GDP.MKTP.KD,Africa Eastern and Southern(ZH),2019,,999982044537.274
NY.GDP.MKTP.KD,Africa Eastern and Southern(ZH),2018,,980085554466.136
NY.GDP.MKTP.KD,Africa Eastern and Southern(ZH),2017,,954270680011.48
NY.GDP.MKTP.KD,Africa Eastern and Southern(ZH),2016,,929386143911.422
NY.GDP.MKTP.KD,Africa Eastern and Southern(ZH),2015,,910002035578.038
NY.GDP.MKTP.KD,Africa Eastern and Southern(ZH),2014,,884063354554.275
NY.GDP.MKTP.KD,Africa Eastern and Southern(ZH),2013,,850712124050.048
NY.GDP.MKTP.KD,Africa Eastern and Southern(ZH),2012,,815196596607.277
NY.GDP.MKTP.KD,Africa Eastern and Southern(ZH),2011,,800018855528.803
NY.GDP.MKTP.KD,Africa Eastern and Southern(ZH),2010,,768676258158.214
NY.GDP.MKTP.KD,Africa Eastern and Southern(ZH),2009,,729932157169.629
NY.GDP.MKTP.KD,Africa Eastern and Southern(ZH),2008,,723281777591.992
NY.GDP.MKTP.KD,Africa Eastern and Southern(ZH),2007,,692549683213.31
NY.GDP.MKTP.KD,Africa Eastern and Southern(ZH),2006,,649062293464.719
NY.GDP.MKTP.KD,Africa Eastern and Southern(ZH),2005,,608662346141.735
NY.GDP.MKTP.KD,Africa Eastern and Southern(ZH),2004,,573270574876.558
NY.GDP.MKTP.KD,Africa Eastern and Southern(ZH),2003,,542691545186.725
NY.GDP.MKTP.KD,Africa Eastern and Southern(ZH),2002,,526837055747.211
NY.GDP.MKTP.KD,Africa Eastern and Southern(ZH),2001,,506978146950.777
NY.GDP.MKTP.KD,Africa Eastern and Southern(ZH),2000,,489817237961.848
NY.GDP.MKTP.KD,Africa Eastern and Southern(ZH),1999,,474714780332.272
NY.GDP.MKTP.KD,Africa Eastern and Southern(ZH),1998,,462530865005.973
NY.GDP.MKTP.KD,Africa Eastern and Southern(ZH),1997,,454463358329.568
NY.GDP.MKTP.KD,Africa Eastern and Southern(ZH),1996,,437586778459.385
NY.GDP.MKTP.KD,Africa Eastern and Southern(ZH),1995,,414777691758.035
NY.GDP.MKTP.KD,Africa Eastern and Southern(ZH),1994,,397469418157.985
NY.GDP.MKTP.KD,Africa Eastern and Southern(ZH),1993,,389983090646.69
NY.GDP.MKTP.KD,Africa Eastern and Southern(ZH),1992,,393283199802.763
NY.GDP.MKTP.KD,Africa Eastern and Southern(ZH),1991,,402934626530.485
NY.GDP.MKTP.KD,Africa Eastern and Southern(ZH),1990,,403362328186.638
NY.GDP.MKTP.KD,Africa Eastern and Southern(ZH),1989,,402873388750.894
NY.GDP.MKTP.KD,Africa Eastern and Southern(ZH),1988,,392411519510.892
NY.GDP.MKTP.KD,Africa Eastern and Southern(ZH),1987,,376282550345.002
NY.GDP.MKTP.KD,Africa Eastern and Southern(ZH),1986,,362024037676.872
NY.GDP.MKTP.KD,Africa Eastern and Southern(ZH),1985,,353984165996.715
NY.GDP.MKTP.KD,Africa Eastern and Southern(ZH),1984,,354288376091.742
NY.GDP.MKTP.KD,Africa Eastern and Southern(ZH),1983,,342619976976.937
NY.GDP.MKTP.KD,Africa Eastern and Southern(ZH),1982,,342402188713.624
NY.GDP.MKTP.KD,Africa Eastern and Southern(ZH),1981,,341347636121.077
NY.GDP.MKTP.KD,Africa Eastern and Southern(ZH),1980,,328444141734.343
NY.GDP.MKTP.KD,Africa Eastern and Southern(ZH),1979,,311462623894.564
NY.GDP.MKTP.KD,Africa Eastern and Southern(ZH),1978,,302602536983.937
NY.GDP.MKTP.KD,Africa Eastern and Southern(ZH),1977,,298186794064.615
NY.GDP.MKTP.KD,Africa Eastern and Southern(ZH),1976,,294912444536.262
NY.GDP.MKTP.KD,Africa Eastern and Southern(ZH),1975,,288141533329.163
NY.GDP.MKTP.KD,Africa Eastern and Southern(ZH),1974,,284234593916.791
NY.GDP.MKTP.KD,Africa Eastern and Southern(ZH),1973,,269487213011.567
NY.GDP.MKTP.KD,Africa Eastern and Southern(ZH),1972,,257583821345.159
NY.GDP.MKTP.KD,Africa Eastern and Southern(ZH),1971,,250656273389.189
NY.GDP.MKTP.KD,Africa Eastern and Southern(ZH),1970,,237628833457.086
NY.GDP.MKTP.KD,Africa Eastern and Southern(ZH),1969,,235014269585.753
NY.GDP.MKTP.KD,Africa Eastern and Southern(ZH),1968,,223564232523.934
NY.GDP.MKTP.KD,Africa Eastern and Southern(ZH),1967,,214642953837.183
NY.GDP.MKTP.KD,Africa Eastern and Southern(ZH),1966,,203764304695.603
NY.GDP.MKTP.KD,Africa Eastern and Southern(ZH),1965,,194380728667.302
NY.GDP.MKTP.KD,Africa Eastern and Southern(ZH),1964,,184881220873.492
NY.GDP.MKTP.KD,Africa Eastern and Southern(ZH),1963,,176667522004.197
NY.GDP.MKTP.KD,Africa Eastern and Southern(ZH),1962,,167261150268.755
NY.GDP.MKTP.KD,Africa Eastern and Southern(ZH),1961,,154961775061.871
NY.GDP.MKTP.KD,Africa Eastern and Southern(ZH),1960,,154315290501.875
NY.GDP.MKTP.KD,Africa Western and Central(ZI),2024,,947704115241.123
NY.GDP.MKTP.KD,Africa Western and Central(ZI),2023,,906150988401.304
NY.GDP.MKTP.KD,Africa Western and Central(ZI),2022,,874136377084.3
NY.GDP.MKTP.KD,Africa Western and Central(ZI),2021,,836711968622.05
NY.GDP.MKTP.KD,Africa Western and Central(ZI),2020,,815908816333.134
NY.GDP.MKTP.KD,Africa Western and Central(ZI),2019,,847526908088.33
NY.GDP.MKTP.KD,Africa Western and Central(ZI),2018,,820597501289.754
NY.GDP.MKTP.KD,Africa Western and Central(ZI),2017,,797434700175.353
NY.GDP.MKTP.KD,Africa Western and Central(ZI),2016,,779533882699.891
NY.GDP.MKTP.KD,Africa Western and Central(ZI),2015,,778022057597.448
NY.GDP.MKTP.KD,Africa Western and Central(ZI),2014,,755853893343.008
NY.GDP.MKTP.KD,Africa Western and Central(ZI),2013,,715150723694.119
NY.GDP.MKTP.KD,Africa Western and Central(ZI),2012,,674373438077.728
NY.GDP.MKTP.KD,Africa Western and Central(ZI),2011,,641468033175.446
NY.GDP.MKTP.KD,Africa Western and Central(ZI),2010,,611375827456.184
NY.GDP.MKTP.KD,Africa Western and Central(ZI),2009,,571375328551.058
NY.GDP.MKTP.KD,Africa Western and Central(ZI),2008,,538316294768.487
NY.GDP.MKTP.KD,Africa Western and Central(ZI),2007,,506837566927.576
NY.GDP.MKTP.KD,Africa Western and Central(ZI),2006,,480653804630.281
NY.GDP.MKTP.KD,Africa Western and Central(ZI),2005,,456516971510.488
NY.GDP.MKTP.KD,Africa Western and Central(ZI),2004,,431500987746.921
NY.GDP.MKTP.KD,Africa Western and Central(ZI),2003,,399273715782.54
NY.GDP.MKTP.KD,Africa Western and Central(ZI),2002,,378005749070.855
NY.GDP.MKTP.KD,Africa Western and Central(ZI),2001,,343818790760.609
NY.GDP.MKTP.KD,Africa Western and Central(ZI),2000,,326672771738.384
NY.GDP.MKTP.KD,Africa Western and Central(ZI),1999,,314676785569.594
NY.GDP.MKTP.KD,Africa Western and Central(ZI),1998,,309971435779.051
NY.GDP.MKTP.KD,Africa Western and Central(ZI),1997,,299155187893.783
NY.GDP.MKTP.KD,Africa Western and Central(ZI),1996,,286580546500.139
NY.GDP.MKTP.KD,Africa Western and Central(ZI),1995,,273920431587.626
NY.GDP.MKTP.KD,Africa Western and Central(ZI),1994,,268940627706.29
NY.GDP.MKTP.KD,Africa Western and Central(ZI),1993,,269557355232.788
NY.GDP.MKTP.KD,Africa Western and Central(ZI),1992,,273178484580.84
NY.GDP.MKTP.KD,Africa Western and Central(ZI),1991,,267064917640.702
NY.GDP.MKTP.KD,Africa Western and Central(ZI),1990,,264111833161.862
NY.GDP.MKTP.KD,Africa Western and Central(ZI),1989,,250103888961.509
NY.GDP.MKTP.KD,Africa Western and Central(ZI),1988,,245866562367.393
NY.GDP.MKTP.KD,Africa Western and Central(ZI),1987,,234691982866.077
NY.GDP.MKTP.KD,Africa Western and Central(ZI),1986,,231427441791.138
NY.GDP.MKTP.KD,Africa Western and Central(ZI),1985,,228533653028.881
NY.GDP.MKTP.KD,Africa Western and Central(ZI),1984,,216989871841.091
NY.GDP.MKTP.KD,Africa Western and Central(ZI),1983,,215945102129.301
NY.GDP.MKTP.KD,Africa Western and Central(ZI),1982,,230438754884.297
NY.GDP.MKTP.KD,Africa Western and Central(ZI),1981,,238230405871.96
NY.GDP.MKTP.KD,Africa Western and Central(ZI),1980,,255176124193.249
NY.GDP.MKTP.KD,Africa Western and Central(ZI),1979,,250495599528.508
NY.GDP.MKTP.KD,Africa Western and Central(ZI),1978,,238497189369.686
NY.GDP.MKTP.KD,Africa Western and Central(ZI),1977,,243154338902.099
NY.GDP.MKTP.KD,Africa Western and Central(ZI),1976,,232547240006.465
NY.GDP.MKTP.KD,Africa Western and Central(ZI),1975,,214483202869.194
NY.GDP.MKTP.KD,Africa Western and Central(ZI),1974,,218891305855.715
NY.GDP.MKTP.KD,Africa Western and Central(ZI),1973,,199144342140.828
NY.GDP.MKTP.KD,Africa Western and Central(ZI),1972,,191628465915.226
NY.GDP.MKTP.KD,Africa Western and Central(ZI),1971,,185745228995.769
NY.GDP.MKTP.KD,Africa Western and Central(ZI),1970,,168236251634.269
NY.GDP.MKTP.KD,Africa Western and Central(ZI),1969,,143412505582.562
NY.GDP.MKTP.KD,Africa Western and Central(ZI),1968,,124688068296.76
NY.GDP.MKTP.KD,Africa Western and Central(ZI),1967,,122755524003.671
NY.GDP.MKTP.KD,Africa Western and Central(ZI),1966,,134846839634.846
NY.GDP.MKTP.KD,Africa Western and Central(ZI),1965,,136918430586.072
NY.GDP.MKTP.KD,Africa Western and Central(ZI),1964,,131519124470.296
NY.GDP.MKTP.KD,Africa Western and Central(ZI),1963,,124823482001.183
NY.GDP.MKTP.KD,Africa Western and Central(ZI),1962,,116615621761.965
NY.GDP.MKTP.KD,Africa Western and Central(ZI),1961,,112426508801.912
NY.GDP.MKTP.KD,Africa Western and Central(ZI),1960,,110363166588.031
NY.GDP.MKTP.KD,Arab World(1A),2024,,3094608683761.03
NY.GDP.MKTP.KD,Arab World(1A),2023,,3042774083146.39
NY.GDP.MKTP.KD,Arab World(1A),2022,,2993826509954.67
NY.GDP.MKTP.KD,Arab World(1A),2021,,2797765814668.18
NY.GDP.MKTP.KD,Arab World(1A),2020,,2679041188655.38
NY.GDP.MKTP.KD,Arab World(1A),2019,,2829007673867.42
NY.GDP.MKTP.KD,Arab World(1A),2018,,2780412155095.67
NY.GDP.MKTP.KD,Arab World(1A),2017,,2708038387311.84
NY.GDP.MKTP.KD,Arab World(1A),2016,,2672520324881.52
NY.GDP.MKTP.KD,Arab World(1A),2015,,2580328583417.41
NY.GDP.MKTP.KD,Arab World(1A),2014,,2496670071114.98
NY.GDP.MKTP.KD,Arab World(1A),2013,,2431985286196.13
NY.GDP.MKTP.KD,Arab World(1A),2012,,2369263290821.59
NY.GDP.MKTP.KD,Arab World(1A),2011,,2245880154831.72
NY.GDP.MKTP.KD,Arab World(1A),2010,,2162552600448.41
NY.GDP.MKTP.KD,Arab World(1A),2009,,2062704453301.67
NY.GDP.MKTP.KD,Arab World(1A),2008,,2049419151996.29
NY.GDP.MKTP.KD,Arab World(1A),2007,,1941268003780.27
NY.GDP.MKTP.KD,Arab World(1A),2006,,1855876088278.49
NY.GDP.MKTP.KD,Arab World(1A),2005,,1746274695968.55
NY.GDP.MKTP.KD,Arab World(1A),2004,,1654092841328.02
NY.GDP.MKTP.KD,Arab World(1A),2003,,1516478597545.85
NY.GDP.MKTP.KD,Arab World(1A),2002,,1454020678602.03
NY.GDP.MKTP.KD,Arab World(1A),2001,,1436484812508.49
NY.GDP.MKTP.KD,Arab World(1A),2000,,1406974817817.34
NY.GDP.MKTP.KD,Arab World(1A),1999,,1323131553963.34
NY.GDP.MKTP.KD,Arab World(1A),1998,,1287394528620.77
NY.GDP.MKTP.KD,Arab World(1A),1997,,1228836829836.2
NY.GDP.MKTP.KD,Arab World(1A),1996,,1165365474019.11
NY.GDP.MKTP.KD,Arab World(1A),1995,,1111789296123.96
NY.GDP.MKTP.KD,Arab World(1A),1994,,1081536827296.3
NY.GDP.MKTP.KD,Arab World(1A),1993,,1046425500710.75
NY.GDP.MKTP.KD,Arab World(1A),1992,,1013401554158.87
NY.GDP.MKTP.KD,Arab World(1A),1991,,950989486109.571
NY.GDP.MKTP.KD,Arab World(1A),1990,,957650026835.882
NY.GDP.MKTP.KD,Arab World(1A),1989,,887971908905.424
NY.GDP.MKTP.KD,Arab World(1A),1988,,855367469589.157
NY.GDP.MKTP.KD,Arab World(1A),1987,,828207880418.721
NY.GDP.MKTP.KD,Arab World(1A),1986,,826131619922.564
NY.GDP.MKTP.KD,Arab World(1A),1985,,832671869222.073
NY.GDP.MKTP.KD,Arab World(1A),1984,,839748879620.1
NY.GDP.MKTP.KD,Arab World(1A),1983,,829479487607.338
NY.GDP.MKTP.KD,Arab World(1A),1982,,861922368678.532
NY.GDP.MKTP.KD,Arab World(1A),1981,,916823420263.289
NY.GDP.MKTP.KD,Arab World(1A),1980,,909103268288.871
NY.GDP.MKTP.KD,Arab World(1A),1979,,855372375013.759
NY.GDP.MKTP.KD,Arab World(1A),1978,,773082586801.586
NY.GDP.MKTP.KD,Arab World(1A),1977,,751009045428.753
NY.GDP.MKTP.KD,Arab World(1A),1976,,704488389329.834
NY.GDP.MKTP.KD,Arab World(1A),1975,,616253777881.209
NY.GDP.MKTP.KD,Arab World(1A),1974,,616535006900.811
NY.GDP.MKTP.KD,Arab World(1A),1973,,557855472353.427
NY.GDP.MKTP.KD,Arab World(1A),1972,,492393201295.237
NY.GDP.MKTP.KD,Arab World(1A),1971,,432140283736.376
NY.GDP.MKTP.KD,Arab World(1A),1970,,402059768533.766
NY.GDP.MKTP.KD,Arab World(1A),1969,,327033636988.349
NY.GDP.MKTP.KD,Arab World(1A),1968,,304345358448.676
NY.GDP.MKTP.KD,Arab World(1A),1967,,274727895869.812
NY.GDP.MKTP.KD,Arab World(1A),1966,,257268622794.307
NY.GDP.MKTP.KD,Caribbean small states(S3),2024,,84347922169.2573
NY.GDP.MKTP.KD,Caribbean small states(S3),2023,,74438041470.2287
NY.GDP.MKTP.KD,Caribbean small states(S3),2022,,68393218498.2682
NY.GDP.MKTP.KD,Caribbean small states(S3),2021,,59531842430.9028
NY.GDP.MKTP.KD,Caribbean small states(S3),2020,,55881751228.5968
NY.GDP.MKTP.KD,Caribbean small states(S3),2019,,61428203907.805
NY.GDP.MKTP.KD,Caribbean small states(S3),2018,,60895298300.8374
NY.GDP.MKTP.KD,Caribbean small states(S3),2017,,60166751937.5848
NY.GDP.MKTP.KD,Caribbean small states(S3),2016,,60618638463.2637
NY.GDP.MKTP.KD,Caribbean small states(S3),2015,,62545153672.0285
NY.GDP.MKTP.KD,Caribbean small states(S3),2014,,62608336968.7629
NY.GDP.MKTP.KD,Caribbean small states(S3),2013,,61026828306.2418
NY.GDP.MKTP.KD,Caribbean small states(S3),2012,,60198956772.9959
NY.GDP.MKTP.KD,Caribbean small states(S3),2011,,57864218310.309
NY.GDP.MKTP.KD,Caribbean small states(S3),2010,,57355843060.567
NY.GDP.MKTP.KD,Caribbean small states(S3),2009,,56309491917.4226
NY.GDP.MKTP.KD,Caribbean small states(S3),2008,,58286765266.899
NY.GDP.MKTP.KD,Caribbean small states(S3),2007,,57312641754.363
NY.GDP.MKTP.KD,Caribbean small states(S3),2006,,55189638919.2418
NY.GDP.MKTP.KD,Caribbean small states(S3),2005,,51181086197.732
NY.GDP.MKTP.KD,Caribbean small states(S3),2004,,49026269655.7863
NY.GDP.MKTP.KD,Caribbean small states(S3),2003,,46843061713.4239
NY.GDP.MKTP.KD,Caribbean small states(S3),2002,,44149943224.4098
NY.GDP.MKTP.KD,Caribbean small states(S3),2001,,42457972575.8385
NY.GDP.MKTP.KD,Caribbean small states(S3),2000,,41583406437.6042
NY.GDP.MKTP.KD,Caribbean small states(S3),1999,,39719943345.1031
NY.GDP.MKTP.KD,Caribbean small states(S3),1998,,37805722399.839
NY.GDP.MKTP.KD,Caribbean small states(S3),1997,,36033217737.4522
NY.GDP.MKTP.KD,Caribbean small states(S3),1996,,34443853708.4308
NY.GDP.MKTP.KD,Caribbean small states(S3),1995,,32830239319.7171
NY.GDP.MKTP.KD,Caribbean small states(S3),1994,,31848371069.4098
NY.GDP.MKTP.KD,Caribbean small states(S3),1993,,30819980663.1928
NY.GDP.MKTP.KD,Caribbean small states(S3),1992,,30677941695.3524
NY.GDP.MKTP.KD,Caribbean small states(S3),1991,,30060844465.7797
NY.GDP.MKTP.KD,Caribbean small states(S3),1990,,30077218305.7224
NY.GDP.MKTP.KD,Caribbean small states(S3),1989,,30176046320.5692
NY.GDP.MKTP.KD,Caribbean small states(S3),1988,,29244818763.8894
NY.GDP.MKTP.KD,Caribbean small states(S3),1987,,28748464210.5029
NY.GDP.MKTP.KD,Caribbean small states(S3),1986,,28706286085.2552
NY.GDP.MKTP.KD,Caribbean small states(S3),1985,,28322745183.5239
NY.GDP.MKTP.KD,Caribbean small states(S3),1984,,28019459362.0828
NY.GDP.MKTP.KD,Caribbean small states(S3),1983,,27489205709.4104
NY.GDP.MKTP.KD,Caribbean small states(S3),1982,,28510573993.527
NY.GDP.MKTP.KD,Caribbean small states(S3),1981,,28369384849.7069
NY.GDP.MKTP.KD,Caribbean small states(S3),1980,,28266361953.1856
NY.GDP.MKTP.KD,Caribbean small states(S3),1979,,26870890180.9475
NY.GDP.MKTP.KD,Caribbean small states(S3),1978,,25005126158.5262
NY.GDP.MKTP.KD,Caribbean small states(S3),1977,,23162467255.5011
NY.GDP.MKTP.KD,Caribbean small states(S3),1976,,21704952821.3477
NY.GDP.MKTP.KD,Caribbean small states(S3),1975,,20602605288.462
NY.GDP.MKTP.KD,Caribbean small states(S3),1974,,20961742119.2114
NY.GDP.MKTP.KD,Caribbean small states(S3),1973,,21592473480.8379
NY.GDP.MKTP.KD,Caribbean small states(S3),1972,,21073810126.1749
NY.GDP.MKTP.KD,Caribbean small states(S3),1971,,20859469851.3556
NY.GDP.MKTP.KD,Caribbean small states(S3),1970,,20379001823.0309
NY.GDP.MKTP.KD,Caribbean small states(S3),1969,,19952346077.1961
NY.GDP.MKTP.KD,Caribbean small states(S3),1968,,18833450409.6948
NY.GDP.MKTP.KD,Caribbean small states(S3),1967,,17740215237.3241
NY.GDP.MKTP.KD,Caribbean small states(S3),1966,,16630481233.5194
NY.GDP.MKTP.KD,Caribbean small states(S3),1965,,15558415654.7401
NY.GDP.MKTP.KD,Caribbean small states(S3),1964,,14527984399.7892
NY.GDP.MKTP.KD,Caribbean small states(S3),1963,,13439290498.9361
NY.GDP.MKTP.KD,Caribbean small states(S3),1962,,13155752912.6167
NY.GDP.MKTP.KD,Caribbean small states(S3),1961,,12484679509.9818
NY.GDP.MKTP.KD,Caribbean small states(S3),1960,,11384315406.7495
NY.GDP.MKTP.KD,Central Europe and the Baltics(B8),2024,,1686721115931.23
NY.GDP.MKTP.KD,Central Europe and the Baltics(B8),2023,,1652511481429.87
NY.GDP.MKTP.KD,Central Europe and the Baltics(B8),2022,,1640904326520.58
NY.GDP.MKTP.KD,Central Europe and the Baltics(B8),2021,,1577151566969.72
NY.GDP.MKTP.KD,Central Europe and the Baltics(B8),2020,,1479889473892.67
NY.GDP.MKTP.KD,Central Europe and the Baltics(B8),2019,,1530410149270.2
NY.GDP.MKTP.KD,Central Europe and the Baltics(B8),2018,,1471091465811.38
NY.GDP.MKTP.KD,Central Europe and the Baltics(B8),2017,,1401661855891.18
NY.GDP.MKTP.KD,Central Europe and the Baltics(B8),2016,,1333555422930.14
NY.GDP.MKTP.KD,Central Europe and the Baltics(B8),2015,,1297141271990.05
NY.GDP.MKTP.KD,Central Europe and the Baltics(B8),2014,,1247231293854.16
NY.GDP.MKTP.KD,Central Europe and the Baltics(B8),2013,,1207831673046.38
NY.GDP.MKTP.KD,Central Europe and the Baltics(B8),2012,,1199818484000.74
NY.GDP.MKTP.KD,Central Europe and the Baltics(B8),2011,,1189848075733.94
NY.GDP.MKTP.KD,Central Europe and the Baltics(B8),2010,,1148495311776.57
NY.GDP.MKTP.KD,Central Europe and the Baltics(B8),2009,,1131093678773.15
NY.GDP.MKTP.KD,Central Europe and the Baltics(B8),2008,,1173604781530.76
NY.GDP.MKTP.KD,Central Europe and the Baltics(B8),2007,,1128875563363.61
NY.GDP.MKTP.KD,Central Europe and the Baltics(B8),2006,,1061583262818.71
NY.GDP.MKTP.KD,Central Europe and the Baltics(B8),2005,,995478183678.513
NY.GDP.MKTP.KD,Central Europe and the Baltics(B8),2004,,948889245814.164
NY.GDP.MKTP.KD,Central Europe and the Baltics(B8),2003,,896243466423.033
NY.GDP.MKTP.KD,Central Europe and the Baltics(B8),2002,,861798493029.812
NY.GDP.MKTP.KD,Central Europe and the Baltics(B8),2001,,832314260013.409
NY.GDP.MKTP.KD,Central Europe and the Baltics(B8),2000,,808029643139.989
NY.GDP.MKTP.KD,Central Europe and the Baltics(B8),1999,,777354832892.848
NY.GDP.MKTP.KD,Central Europe and the Baltics(B8),1998,,762851751246.924
NY.GDP.MKTP.KD,Central Europe and the Baltics(B8),1997,,743276247307.325
NY.GDP.MKTP.KD,Central Europe and the Baltics(B8),1996,,727024858998.212
NY.GDP.MKTP.KD,Central Europe and the Baltics(B8),1995,,695810421454.719
NY.GDP.MKTP.KD,Central Europe and the Baltics(B8),1994,,658216239254.116
NY.GDP.MKTP.KD,Central Europe and the Baltics(B8),1993,,634801691474.891
NY.GDP.MKTP.KD,Central Europe and the Baltics(B8),1992,,633478312104.872
NY.GDP.MKTP.KD,Central Europe and the Baltics(B8),1991,,666365823938.754
NY.GDP.MKTP.KD,Central Europe and the Baltics(B8),1990,,747652445005.6
NY.GDP.MKTP.KD,Early-demographic dividend(V2),2024,,13810113630268.1
NY.GDP.MKTP.KD,Early-demographic dividend(V2),2023,,13321360430189.3
NY.GDP.MKTP.KD,Early-demographic dividend(V2),2022,,12736126252467.9
NY.GDP.MKTP.KD,Early-demographic dividend(V2),2021,,12012812010067.3
NY.GDP.MKTP.KD,Early-demographic dividend(V2),2020,,11173669583731.9
NY.GDP.MKTP.KD,Early-demographic dividend(V2),2019,,11676085719040.9
NY.GDP.MKTP.KD,Early-demographic dividend(V2),2018,,11416936484621.9
NY.GDP.MKTP.KD,Early-demographic dividend(V2),2017,,11019360228440.7
NY.GDP.MKTP.KD,Early-demographic dividend(V2),2016,,10546143046662.4
NY.GDP.MKTP.KD,Early-demographic dividend(V2),2015,,10127250782286.2
NY.GDP.MKTP.KD,Early-demographic dividend(V2),2014,,9715058322940.37
NY.GDP.MKTP.KD,Early-demographic dividend(V2),2013,,9342685850949.64
NY.GDP.MKTP.KD,Early-demographic dividend(V2),2012,,8980694118284.78
NY.GDP.MKTP.KD,Early-demographic dividend(V2),2011,,8616200815408.74
NY.GDP.MKTP.KD,Early-demographic dividend(V2),2010,,8209630379804.88
NY.GDP.MKTP.KD,Early-demographic dividend(V2),2009,,7717194583486.5
NY.GDP.MKTP.KD,Early-demographic dividend(V2),2008,,7667585684299.49
NY.GDP.MKTP.KD,Early-demographic dividend(V2),2007,,7409245216495.05
NY.GDP.MKTP.KD,Early-demographic dividend(V2),2006,,7005264361554.41
NY.GDP.MKTP.KD,Early-demographic dividend(V2),2005,,6599943116757.16
NY.GDP.MKTP.KD,Early-demographic dividend(V2),2004,,6228020192519.4
NY.GDP.MKTP.KD,Early-demographic dividend(V2),2003,,5855296403827.36
NY.GDP.MKTP.KD,Early-demographic dividend(V2),2002,,5577667913421.7
NY.GDP.MKTP.KD,Early-demographic dividend(V2),2001,,5482567055384.37
NY.GDP.MKTP.KD,Early-demographic dividend(V2),2000,,5417544791319.72
NY.GDP.MKTP.KD,Early-demographic dividend(V2),1999,,5190823579628.74
NY.GDP.MKTP.KD,Early-demographic dividend(V2),1998,,5077903726776.87
NY.GDP.MKTP.KD,Early-demographic dividend(V2),1997,,4959292136400.49
NY.GDP.MKTP.KD,Early-demographic dividend(V2),1996,,4724457838962.6
NY.GDP.MKTP.KD,Early-demographic dividend(V2),1995,,4469391140606.81
NY.GDP.MKTP.KD,Early-demographic dividend(V2),1994,,4359173280602.62
NY.GDP.MKTP.KD,Early-demographic dividend(V2),1993,,4217775361475.84
NY.GDP.MKTP.KD,Early-demographic dividend(V2),1992,,4074312387212.98
NY.GDP.MKTP.KD,Early-demographic dividend(V2),1991,,3912537204632.83
NY.GDP.MKTP.KD,Early-demographic dividend(V2),1990,,3747148609665.93
NY.GDP.MKTP.KD,Early-demographic dividend(V2),1989,,3565750191967.22
NY.GDP.MKTP.KD,Early-demographic dividend(V2),1988,,3496534517291.69
NY.GDP.MKTP.KD,Early-demographic dividend(V2),1987,,3386861231313.65
NY.GDP.MKTP.KD,Early-demographic dividend(V2),1986,,3290703580884.94
NY.GDP.MKTP.KD,Early-demographic dividend(V2),1985,,3241036924055.57
NY.GDP.MKTP.KD,Early-demographic dividend(V2),1984,,3207634767889.15
NY.GDP.MKTP.KD,Early-demographic dividend(V2),1983,,3140751535418.97
NY.GDP.MKTP.KD,Early-demographic dividend(V2),1982,,3130946524889.82
NY.GDP.MKTP.KD,Early-demographic dividend(V2),1981,,3114656129136.36
NY.GDP.MKTP.KD,Early-demographic dividend(V2),1980,,3005654619877.14
NY.GDP.MKTP.KD,Early-demographic dividend(V2),1979,,2912203400296.23
NY.GDP.MKTP.KD,Early-demographic dividend(V2),1978,,2798817349886.68
NY.GDP.MKTP.KD,Early-demographic dividend(V2),1977,,2739439425566.39
NY.GDP.MKTP.KD,Early-demographic dividend(V2),1976,,2633439953243.44
NY.GDP.MKTP.KD,Early-demographic dividend(V2),1975,,2460896543297.36
NY.GDP.MKTP.KD,Early-demographic dividend(V2),1974,,2391658955582.18
NY.GDP.MKTP.KD,Early-demographic dividend(V2),1973,,2239606553371.95
NY.GDP.MKTP.KD,Early-demographic dividend(V2),1972,,2092120482782.28
NY.GDP.MKTP.KD,Early-demographic dividend(V2),1971,,1961685379483.16
NY.GDP.MKTP.KD,Early-demographic dividend(V2),1970,,1862464169347.29
NY.GDP.MKTP.KD,Early-demographic dividend(V2),1969,,1718004655041.11
NY.GDP.MKTP.KD,Early-demographic dividend(V2),1968,,1612276395879.05
NY.GDP.MKTP.KD,Early-demographic dividend(V2),1967,,1503556734864.68
NY.GDP.MKTP.KD,Early-demographic dividend(V2),1966,,1424214262147.5
NY.GDP.MKTP.KD,Early-demographic dividend(V2),1965,,1366257687833.66
NY.GDP.MKTP.KD,Early-demographic dividend(V2),1964,,1287898000375.39
NY.GDP.MKTP.KD,Early-demographic dividend(V2),1963,,1187529639174.21
NY.GDP.MKTP.KD,Early-demographic dividend(V2),1962,,1128028591095.75
NY.GDP.MKTP.KD,Early-demographic dividend(V2),1961,,1082837239812.71
NY.GDP.MKTP.KD,Early-demographic dividend(V2),1960,,1033795345886.11
NY.GDP.MKTP.KD,East Asia & Pacific(Z4),2024,,31651815201708.3
NY.GDP.MKTP.KD,East Asia & Pacific(Z4),2023,,30495985189684.6
NY.GDP.MKTP.KD,East Asia & Pacific(Z4),2022,,29265188694291.0
NY.GDP.MKTP.KD,East Asia & Pacific(Z4),2021,,28412909796582.2
NY.GDP.MKTP.KD,East Asia & Pacific(Z4),2020,,26717717104733.7
NY.GDP.MKTP.KD,East Asia & Pacific(Z4),2019,,26733086615367.5
NY.GDP.MKTP.KD,East Asia & Pacific(Z4),2018,,25694274748716.8
NY.GDP.MKTP.KD,East Asia & Pacific(Z4),2017,,24518631574320.8
NY.GDP.MKTP.KD,East Asia & Pacific(Z4),2016,,23337269224240.7
NY.GDP.MKTP.KD,East Asia & Pacific(Z4),2015,,22299105656919.6
NY.GDP.MKTP.KD,East Asia & Pacific(Z4),2014,,21294278874206.2
NY.GDP.MKTP.KD,East Asia & Pacific(Z4),2013,,20319287116134.3
NY.GDP.MKTP.KD,East Asia & Pacific(Z4),2012,,19300451804362.9
NY.GDP.MKTP.KD,East Asia & Pacific(Z4),2011,,18344882651070.7
NY.GDP.MKTP.KD,East Asia & Pacific(Z4),2010,,17396593972373.4
NY.GDP.MKTP.KD,East Asia & Pacific(Z4),2009,,16163819443094.3
NY.GDP.MKTP.KD,East Asia & Pacific(Z4),2008,,15750510901588.0
NY.GDP.MKTP.KD,East Asia & Pacific(Z4),2007,,15081906435413.1
NY.GDP.MKTP.KD,East Asia & Pacific(Z4),2006,,14031761326159.7
NY.GDP.MKTP.KD,East Asia & Pacific(Z4),2005,,13177845961610.7
NY.GDP.MKTP.KD,East Asia & Pacific(Z4),2004,,12437016447814.1
NY.GDP.MKTP.KD,East Asia & Pacific(Z4),2003,,11744544115871.1
NY.GDP.MKTP.KD,East Asia & Pacific(Z4),2002,,11186135765067.3
NY.GDP.MKTP.KD,East Asia & Pacific(Z4),2001,,10710019004740.7
NY.GDP.MKTP.KD,East Asia & Pacific(Z4),2000,,10366526973201.2
NY.GDP.MKTP.KD,East Asia & Pacific(Z4),1999,,9829775221108.44
NY.GDP.MKTP.KD,East Asia & Pacific(Z4),1998,,9468901902317.38
NY.GDP.MKTP.KD,East Asia & Pacific(Z4),1997,,9422585459947.55
NY.GDP.MKTP.KD,East Asia & Pacific(Z4),1996,,9050620255663.91
NY.GDP.MKTP.KD,East Asia & Pacific(Z4),1995,,8566068894230.56
NY.GDP.MKTP.KD,East Asia & Pacific(Z4),1994,,8102825943698.31
NY.GDP.MKTP.KD,East Asia & Pacific(Z4),1993,,7696946234371.72
NY.GDP.MKTP.KD,East Asia & Pacific(Z4),1992,,7383606507924.85
NY.GDP.MKTP.KD,East Asia & Pacific(Z4),1991,,7080520864876.32
NY.GDP.MKTP.KD,East Asia & Pacific(Z4),1990,,6749806924439.65
NY.GDP.MKTP.KD,East Asia & Pacific(Z4),1989,,6423135129537.81
NY.GDP.MKTP.KD,East Asia & Pacific(Z4),1988,,6108596496766.74
NY.GDP.MKTP.KD,East Asia & Pacific(Z4),1987,,5675890355668.1
NY.GDP.MKTP.KD,East Asia & Pacific(Z4),1986,,5340196400111.78
NY.GDP.MKTP.KD,East Asia & Pacific(Z4),1985,,5088971685598.71
NY.GDP.MKTP.KD,East Asia & Pacific(Z4),1984,,4813976292563.74
NY.GDP.MKTP.KD,East Asia & Pacific(Z4),1983,,4533893269562.61
NY.GDP.MKTP.KD,East Asia & Pacific(Z4),1982,,4341512806364.17
NY.GDP.MKTP.KD,East Asia & Pacific(Z4),1981,,4167994186732.03
NY.GDP.MKTP.KD,East Asia & Pacific(Z4),1980,,3983261036931.55
NY.GDP.MKTP.KD,East Asia & Pacific(Z4),1979,,3839276023322.88
NY.GDP.MKTP.KD,East Asia & Pacific(Z4),1978,,3624268383037.86
NY.GDP.MKTP.KD,East Asia & Pacific(Z4),1977,,3425487585696.18
NY.GDP.MKTP.KD,East Asia & Pacific(Z4),1976,,3255999377945.97
NY.GDP.MKTP.KD,East Asia & Pacific(Z4),1975,,3125275471987.75
NY.GDP.MKTP.KD,East Asia & Pacific(Z4),1974,,3018062372142.29
NY.GDP.MKTP.KD,East Asia & Pacific(Z4),1973,,2987458933635.56
NY.GDP.MKTP.KD,East Asia & Pacific(Z4),1972,,2774686410318.6
NY.GDP.MKTP.KD,East Asia & Pacific(Z4),1971,,2589293262963.14
NY.GDP.MKTP.KD,East Asia & Pacific(Z4),1970,,2459305213467.13
NY.GDP.MKTP.KD,East Asia & Pacific(Z4),1969,,2366677864240.37
NY.GDP.MKTP.KD,East Asia & Pacific(Z4),1968,,2122927125867.75
NY.GDP.MKTP.KD,East Asia & Pacific(Z4),1967,,1942100465128.82
NY.GDP.MKTP.KD,East Asia & Pacific(Z4),1966,,1809456134238.61
NY.GDP.MKTP.KD,East Asia & Pacific(Z4),1965,,1666025631653.03
NY.GDP.MKTP.KD,East Asia & Pacific(Z4),1964,,1557303184978.68
NY.GDP.MKTP.KD,East Asia & Pacific(Z4),1963,,1410565014400.3
NY.GDP.MKTP.KD,East Asia & Pacific(Z4),1962,,1308917080592.16
NY.GDP.MKTP.KD,East Asia & Pacific(Z4),1961,,1241446820592.15
NY.GDP.MKTP.KD,East Asia & Pacific(Z4),1960,,1196228828091.64
NY.GDP.MKTP.KD,East Asia & Pacific (excluding high income)(4E),2024,,21685905208512.5
NY.GDP.MKTP.KD,East Asia & Pacific (excluding high income)(4E),2023,,20660829735526.1
NY.GDP.MKTP.KD,East Asia & Pacific (excluding high income)(4E),2022,,19629257327697.0
NY.GDP.MKTP.KD,East Asia & Pacific (excluding high income)(4E),2021,,18956654108883.7
NY.GDP.MKTP.KD,East Asia & Pacific (excluding high income)(4E),2020,,17598115416436.5
NY.GDP.MKTP.KD,East Asia & Pacific (excluding high income)(4E),2019,,17364523402141.3
NY.GDP.MKTP.KD,East Asia & Pacific (excluding high income)(4E),2018,,16399284319211.3
NY.GDP.MKTP.KD,East Asia & Pacific (excluding high income)(4E),2017,,15393021384543.9
NY.GDP.MKTP.KD,East Asia & Pacific (excluding high income)(4E),2016,,14430950020555.9
NY.GDP.MKTP.KD,East Asia & Pacific (excluding high income)(4E),2015,,13548904084321.4
NY.GDP.MKTP.KD,East Asia & Pacific (excluding high income)(4E),2014,,12702721839397.1
NY.GDP.MKTP.KD,East Asia & Pacific (excluding high income)(4E),2013,,11869153973185.1
NY.GDP.MKTP.KD,East Asia & Pacific (excluding high income)(4E),2012,,11059845176666.4
NY.GDP.MKTP.KD,East Asia & Pacific (excluding high income)(4E),2011,,10280658816482.9
NY.GDP.MKTP.KD,East Asia & Pacific (excluding high income)(4E),2010,,9467859475987.65
NY.GDP.MKTP.KD,East Asia & Pacific (excluding high income)(4E),2009,,8615137388310.97
NY.GDP.MKTP.KD,East Asia & Pacific (excluding high income)(4E),2008,,7975794666736.32
NY.GDP.MKTP.KD,East Asia & Pacific (excluding high income)(4E),2007,,7340893448816.72
NY.GDP.MKTP.KD,East Asia & Pacific (excluding high income)(4E),2006,,6528037446612.13
NY.GDP.MKTP.KD,East Asia & Pacific (excluding high income)(4E),2005,,5877391974569.85
NY.GDP.MKTP.KD,East Asia & Pacific (excluding high income)(4E),2004,,5340684727145.47
NY.GDP.MKTP.KD,East Asia & Pacific (excluding high income)(4E),2003,,4893015449688.68
NY.GDP.MKTP.KD,East Asia & Pacific (excluding high income)(4E),2002,,4488016467165.66
NY.GDP.MKTP.KD,East Asia & Pacific (excluding high income)(4E),2001,,4149609185413.55
NY.GDP.MKTP.KD,East Asia & Pacific (excluding high income)(4E),2000,,3878843756271.9
NY.GDP.MKTP.KD,East Asia & Pacific (excluding high income)(4E),1999,,3600564003108.13
NY.GDP.MKTP.KD,East Asia & Pacific (excluding high income)(4E),1998,,3382357365238.31
NY.GDP.MKTP.KD,East Asia & Pacific (excluding high income)(4E),1997,,3283725875587.47
NY.GDP.MKTP.KD,East Asia & Pacific (excluding high income)(4E),1996,,3057573015672.71
NY.GDP.MKTP.KD,East Asia & Pacific (excluding high income)(4E),1995,,2802377537967.35
NY.GDP.MKTP.KD,East Asia & Pacific (excluding high income)(4E),1994,,2549079421307.61
NY.GDP.MKTP.KD,East Asia & Pacific (excluding high income)(4E),1993,,2297522825406.46
NY.GDP.MKTP.KD,East Asia & Pacific (excluding high income)(4E),1992,,2063991849394.79
NY.GDP.MKTP.KD,East Asia & Pacific (excluding high income)(4E),1991,,1855254301016.3
NY.GDP.MKTP.KD,East Asia & Pacific (excluding high income)(4E),1990,,1716316294894.39
NY.GDP.MKTP.KD,East Asia & Pacific (excluding high income)(4E),1989,,1632192662854.3
NY.GDP.MKTP.KD,East Asia & Pacific (excluding high income)(4E),1988,,1544376540007.98
NY.GDP.MKTP.KD,East Asia & Pacific (excluding high income)(4E),1987,,1406836061430.53
NY.GDP.MKTP.KD,East Asia & Pacific (excluding high income)(4E),1986,,1288588814398.05
NY.GDP.MKTP.KD,East Asia & Pacific (excluding high income)(4E),1985,,1202660161169.29
NY.GDP.MKTP.KD,East Asia & Pacific (excluding high income)(4E),1984,,1114272147147.6
NY.GDP.MKTP.KD,East Asia & Pacific (excluding high income)(4E),1983,,1012779982679.37
NY.GDP.MKTP.KD,East Asia & Pacific (excluding high income)(4E),1982,,940534300520.838
NY.GDP.MKTP.KD,East Asia & Pacific (excluding high income)(4E),1981,,883592088604.908
NY.GDP.MKTP.KD,East Asia & Pacific (excluding high income)(4E),1980,,836942212764.45
NY.GDP.MKTP.KD,East Asia & Pacific (excluding high income)(4E),1979,,778786574770.119
NY.GDP.MKTP.KD,East Asia & Pacific (excluding high income)(4E),1978,,727722807945.425
NY.GDP.MKTP.KD,East Asia & Pacific (excluding high income)(4E),1977,,666486561380.684
NY.GDP.MKTP.KD,East Asia & Pacific (excluding high income)(4E),1976,,620153530992.36
NY.GDP.MKTP.KD,East Asia & Pacific (excluding high income)(4E),1975,,603519712272.732
NY.GDP.MKTP.KD,East Asia & Pacific (excluding high income)(4E),1974,,565505571701.655
NY.GDP.MKTP.KD,East Asia & Pacific (excluding high income)(4E),1973,,544171279592.795
NY.GDP.MKTP.KD,East Asia & Pacific (excluding high income)(4E),1972,,502638848633.341
NY.GDP.MKTP.KD,East Asia & Pacific (excluding high income)(4E),1971,,479179667080.23
NY.GDP.MKTP.KD,East Asia & Pacific (excluding high income)(4E),1970,,448770981243.586
NY.GDP.MKTP.KD,East Asia & Pacific (excluding high income)(4E),1969,,395455654935.16
NY.GDP.MKTP.KD,East Asia & Pacific (excluding high income)(4E),1968,,354920418683.27
NY.GDP.MKTP.KD,East Asia & Pacific (excluding high income)(4E),1967,,348875226322.032
NY.GDP.MKTP.KD,East Asia & Pacific (excluding high income)(4E),1966,,354016266896.29
NY.GDP.MKTP.KD,East Asia & Pacific (excluding high income)(4E),1965,,327728891014.4
NY.GDP.MKTP.KD,East Asia & Pacific (excluding high income)(4E),1964,,295722008756.039
NY.GDP.MKTP.KD,East Asia & Pacific (excluding high income)(4E),1963,,266821237151.033
NY.GDP.MKTP.KD,East Asia & Pacific (excluding high income)(4E),1962,,250623598404.265
NY.GDP.MKTP.KD,East Asia & Pacific (excluding high income)(4E),1961,,252319036016.865
NY.GDP.MKTP.KD,East Asia & Pacific (excluding high income)(4E),1960,,291477943499.112
NY.GDP.MKTP.KD,East Asia & Pacific (IDA & IBRD countries)(T4),2024,,21659054221866.2
NY.GDP.MKTP.KD,East Asia & Pacific (IDA & IBRD countries)(T4),2023,,20635233978130.9
NY.GDP.MKTP.KD,East Asia & Pacific (IDA & IBRD countries)(T4),2022,,19604950453642.7
NY.GDP.MKTP.KD,East Asia & Pacific (IDA & IBRD countries)(T4),2021,,18933185158092.2
NY.GDP.MKTP.KD,East Asia & Pacific (IDA & IBRD countries)(T4),2020,,17576378713531.2
NY.GDP.MKTP.KD,East Asia & Pacific (IDA & IBRD countries)(T4),2019,,17343097537190.7
NY.GDP.MKTP.KD,East Asia & Pacific (IDA & IBRD countries)(T4),2018,,16379063830847.0
NY.GDP.MKTP.KD,East Asia & Pacific (IDA & IBRD countries)(T4),2017,,15374067973933.6
NY.GDP.MKTP.KD,East Asia & Pacific (IDA & IBRD countries)(T4),2016,,14413218321962.5
NY.GDP.MKTP.KD,East Asia & Pacific (IDA & IBRD countries)(T4),2015,,13532272043462.5
NY.GDP.MKTP.KD,East Asia & Pacific (IDA & IBRD countries)(T4),2014,,12687127890544.2
NY.GDP.MKTP.KD,East Asia & Pacific (IDA & IBRD countries)(T4),2013,,11854581864466.1
NY.GDP.MKTP.KD,East Asia & Pacific (IDA & IBRD countries)(T4),2012,,11046292574579.0
NY.GDP.MKTP.KD,East Asia & Pacific (IDA & IBRD countries)(T4),2011,,10268066546737.4
NY.GDP.MKTP.KD,East Asia & Pacific (IDA & IBRD countries)(T4),2010,,9456267890261.69
NY.GDP.MKTP.KD,East Asia & Pacific (IDA & IBRD countries)(T4),2009,,8604622570369.36
NY.GDP.MKTP.KD,East Asia & Pacific (IDA & IBRD countries)(T4),2008,,7966102485629.78
NY.GDP.MKTP.KD,East Asia & Pacific (IDA & IBRD countries)(T4),2007,,7332004286790.38
NY.GDP.MKTP.KD,East Asia & Pacific (IDA & IBRD countries)(T4),2006,,6520176670922.7
NY.GDP.MKTP.KD,East Asia & Pacific (IDA & IBRD countries)(T4),2005,,5870342922482.62
NY.GDP.MKTP.KD,East Asia & Pacific (IDA & IBRD countries)(T4),2004,,5334301470316.48
NY.GDP.MKTP.KD,East Asia & Pacific (IDA & IBRD countries)(T4),2003,,4887187220455.4
NY.GDP.MKTP.KD,East Asia & Pacific (IDA & IBRD countries)(T4),2002,,4482702029764.71
NY.GDP.MKTP.KD,East Asia & Pacific (IDA & IBRD countries)(T4),2001,,4144713214708.58
NY.GDP.MKTP.KD,East Asia & Pacific (IDA & IBRD countries)(T4),2000,,3874274384053.77
NY.GDP.MKTP.KD,East Asia & Pacific (IDA & IBRD countries)(T4),1999,,3596354754712.67
NY.GDP.MKTP.KD,East Asia & Pacific (IDA & IBRD countries)(T4),1998,,3378440510865.28
NY.GDP.MKTP.KD,East Asia & Pacific (IDA & IBRD countries)(T4),1997,,3279937258330.88
NY.GDP.MKTP.KD,East Asia & Pacific (IDA & IBRD countries)(T4),1996,,3054070476645.89
NY.GDP.MKTP.KD,East Asia & Pacific (IDA & IBRD countries)(T4),1995,,2799183971210.43
NY.GDP.MKTP.KD,East Asia & Pacific (IDA & IBRD countries)(T4),1994,,2546190454682.15
NY.GDP.MKTP.KD,East Asia & Pacific (IDA & IBRD countries)(T4),1993,,2294940261409.84
NY.GDP.MKTP.KD,East Asia & Pacific (IDA & IBRD countries)(T4),1992,,2061750444510.28
NY.GDP.MKTP.KD,East Asia & Pacific (IDA & IBRD countries)(T4),1991,,1853315723145.58
NY.GDP.MKTP.KD,East Asia & Pacific (IDA & IBRD countries)(T4),1990,,1714579249351.83
NY.GDP.MKTP.KD,East Asia & Pacific (IDA & IBRD countries)(T4),1989,,1630555746750.53
NY.GDP.MKTP.KD,East Asia & Pacific (IDA & IBRD countries)(T4),1988,,1542845134072.22
NY.GDP.MKTP.KD,East Asia & Pacific (IDA & IBRD countries)(T4),1987,,1405473294816.49
NY.GDP.MKTP.KD,East Asia & Pacific (IDA & IBRD countries)(T4),1986,,1287371170718.81
NY.GDP.MKTP.KD,East Asia & Pacific (IDA & IBRD countries)(T4),1985,,1201547754516.34
NY.GDP.MKTP.KD,East Asia & Pacific (IDA & IBRD countries)(T4),1984,,1113268720361.55
NY.GDP.MKTP.KD,East Asia & Pacific (IDA & IBRD countries)(T4),1983,,1011905004524.52
NY.GDP.MKTP.KD,East Asia & Pacific (IDA & IBRD countries)(T4),1982,,939755189427.639
NY.GDP.MKTP.KD,East Asia & Pacific (IDA & IBRD countries)(T4),1981,,882893211096.823
NY.GDP.MKTP.KD,East Asia & Pacific (IDA & IBRD countries)(T4),1980,,836310845435.247
NY.GDP.MKTP.KD,East Asia & Pacific (IDA & IBRD countries)(T4),1979,,778237565946.099
NY.GDP.MKTP.KD,East Asia & Pacific (IDA & IBRD countries)(T4),1978,,727247408641.778
NY.GDP.MKTP.KD,East Asia & Pacific (IDA & IBRD countries)(T4),1977,,666098103688.939
NY.GDP.MKTP.KD,East Asia & Pacific (IDA & IBRD countries)(T4),1976,,619830355676.126
NY.GDP.MKTP.KD,East Asia & Pacific (IDA & IBRD countries)(T4),1975,,603226661042.425
NY.GDP.MKTP.KD,East Asia & Pacific (IDA & IBRD countries)(T4),1974,,565251965746.34
NY.GDP.MKTP.KD,East Asia & Pacific (IDA & IBRD countries)(T4),1973,,543935961544.03
NY.GDP.MKTP.KD,East Asia & Pacific (IDA & IBRD countries)(T4),1972,,502447691277.47
NY.GDP.MKTP.KD,East Asia & Pacific (IDA & IBRD countries)(T4),1971,,479009630619.344
NY.GDP.MKTP.KD,East Asia & Pacific (IDA & IBRD countries)(T4),1970,,448631502454.852
NY.GDP.MKTP.KD,East Asia & Pacific (IDA & IBRD countries)(T4),1969,,395332746641.056
NY.GDP.MKTP.KD,East Asia & Pacific (IDA & IBRD countries)(T4),1968,,354810108809.941
NY.GDP.MKTP.KD,East Asia & Pacific (IDA & IBRD countries)(T4),1967,,348766795304.831
NY.GDP.MKTP.KD,East Asia & Pacific (IDA & IBRD countries)(T4),1966,,353906238034.883
NY.GDP.MKTP.KD,East Asia & Pacific (IDA & IBRD countries)(T4),1965,,327627032314.389
NY.GDP.MKTP.KD,East Asia & Pacific (IDA & IBRD countries)(T4),1964,,295630097849.793
NY.GDP.MKTP.KD,East Asia & Pacific (IDA & IBRD countries)(T4),1963,,266738308654.045
NY.GDP.MKTP.KD,East Asia & Pacific (IDA & IBRD countries)(T4),1962,,250545704161.111
NY.GDP.MKTP.KD,East Asia & Pacific (IDA & IBRD countries)(T4),1961,,252240614828.8
NY.GDP.MKTP.KD,East Asia & Pacific (IDA & IBRD countries)(T4),1960,,291387351655.608
NY.GDP.MKTP.KD,Euro area(XC),2024,,13433497319073.3
NY.GDP.MKTP.KD,Euro area(XC),2023,,13312102900567.7
NY.GDP.MKTP.KD,Euro area(XC),2022,,13249379605852.9
NY.GDP.MKTP.KD,Euro area(XC),2021,,12781670267789.1
NY.GDP.MKTP.KD,Euro area(XC),2020,,12008656528555.1
NY.GDP.MKTP.KD,Euro area(XC),2019,,12782883063558.0
NY.GDP.MKTP.KD,Euro area(XC),2018,,12578775845340.4
NY.GDP.MKTP.KD,Euro area(XC),2017,,12358800163596.6
NY.GDP.MKTP.KD,Euro area(XC),2016,,12042958416439.4
NY.GDP.MKTP.KD,Euro area(XC),2015,,11829834353286.1
NY.GDP.MKTP.KD,Euro area(XC),2014,,11581565694770.4
NY.GDP.MKTP.KD,Euro area(XC),2013,,11415372093537.9
NY.GDP.MKTP.KD,Euro area(XC),2012,,11434436143523.9
NY.GDP.MKTP.KD,Euro area(XC),2011,,11540709547027.3
NY.GDP.MKTP.KD,Euro area(XC),2010,,11339151064774.2
NY.GDP.MKTP.KD,Euro area(XC),2009,,11103943851471.5
NY.GDP.MKTP.KD,Euro area(XC),2008,,11625068501355.4
NY.GDP.MKTP.KD,Euro area(XC),2007,,11577539085846.8
NY.GDP.MKTP.KD,Euro area(XC),2006,,11239110531688.9
NY.GDP.MKTP.KD,Euro area(XC),2005,,10877480916247.2
NY.GDP.MKTP.KD,Euro area(XC),2004,,10688122950746.6
NY.GDP.MKTP.KD,Euro area(XC),2003,,10446610415297.0
NY.GDP.MKTP.KD,Euro area(XC),2002,,10368515674185.0
NY.GDP.MKTP.KD,Euro area(XC),2001,,10271270687411.1
NY.GDP.MKTP.KD,Euro area(XC),2000,,10051632608869.2
NY.GDP.MKTP.KD,Euro area(XC),1999,,9674201978910.42
NY.GDP.MKTP.KD,Euro area(XC),1998,,9391522499838.8
NY.GDP.MKTP.KD,Euro area(XC),1997,,9117941910335.35
NY.GDP.MKTP.KD,Euro area(XC),1996,,8872712008505.49
NY.GDP.MKTP.KD,Euro area(XC),1995,,8720727282350.22
NY.GDP.MKTP.KD,Euro area(XC),1994,,8510568327651.77
NY.GDP.MKTP.KD,Euro area(XC),1993,,8301756594510.35
NY.GDP.MKTP.KD,Euro area(XC),1992,,8358820773547.38
NY.GDP.MKTP.KD,Euro area(XC),1991,,8266067995169.38
NY.GDP.MKTP.KD,Euro area(XC),1990,,8075218593170.51
NY.GDP.MKTP.KD,Euro area(XC),1989,,7795270349528.25
NY.GDP.MKTP.KD,Euro area(XC),1988,,7487452150259.13
NY.GDP.MKTP.KD,Euro area(XC),1987,,7177505209776.35
NY.GDP.MKTP.KD,Euro area(XC),1986,,7000222861360.14
NY.GDP.MKTP.KD,Euro area(XC),1985,,6828194557164.79
NY.GDP.MKTP.KD,Euro area(XC),1984,,6674366844370.7
NY.GDP.MKTP.KD,Euro area(XC),1983,,6517645795841.67
NY.GDP.MKTP.KD,Euro area(XC),1982,,6427943593111.81
NY.GDP.MKTP.KD,Euro area(XC),1981,,6383972246519.75
NY.GDP.MKTP.KD,Euro area(XC),1980,,6349341783400.08
NY.GDP.MKTP.KD,Euro area(XC),1979,,6213765381691.92
NY.GDP.MKTP.KD,Euro area(XC),1978,,5980368757952.08
NY.GDP.MKTP.KD,Euro area(XC),1977,,5799873706466.39
NY.GDP.MKTP.KD,Euro area(XC),1976,,5625389940735.54
NY.GDP.MKTP.KD,Euro area(XC),1975,,5356210371262.83
NY.GDP.MKTP.KD,Euro area(XC),1974,,5397719676446.73
NY.GDP.MKTP.KD,Euro area(XC),1973,,5228787332757.59
NY.GDP.MKTP.KD,Euro area(XC),1972,,4927317957141.29
NY.GDP.MKTP.KD,Euro area(XC),1971,,4697479345125.9
NY.GDP.MKTP.KD,Euro area(XC),1970,,4527354003499.67
NY.GDP.MKTP.KD,Euro area(XC),1969,,4286888281614.56
NY.GDP.MKTP.KD,Euro area(XC),1968,,4001549689186.95
NY.GDP.MKTP.KD,Euro area(XC),1967,,3786523713060.42
NY.GDP.MKTP.KD,Euro area(XC),1966,,3660558132566.34
NY.GDP.MKTP.KD,Euro area(XC),1965,,3506666205604.36
NY.GDP.MKTP.KD,Euro area(XC),1964,,3338255438965.82
NY.GDP.MKTP.KD,Euro area(XC),1963,,3153261030780.04
NY.GDP.MKTP.KD,Euro area(XC),1962,,3006685896111.65
NY.GDP.MKTP.KD,Euro area(XC),1961,,2842923529115.21
NY.GDP.MKTP.KD,Euro area(XC),1960,,2688528779265.0
NY.GDP.MKTP.KD,Europe & Central Asia(Z7),2024,,24110620684172.3
NY.GDP.MKTP.KD,Europe & Central Asia(Z7),2023,,23738811909129.8
NY.GDP.MKTP.KD,Europe & Central Asia(Z7),2022,,23492987209478.8
NY.GDP.MKTP.KD,Europe & Central Asia(Z7),2021,,22722495171618.9
NY.GDP.MKTP.KD,Europe & Central Asia(Z7),2020,,21275812463393.7
NY.GDP.MKTP.KD,Europe & Central Asia(Z7),2019,,22485746826135.8
NY.GDP.MKTP.KD,Europe & Central Asia(Z7),2018,,22083088512620.3
NY.GDP.MKTP.KD,Europe & Central Asia(Z7),2017,,21616385542694.6
NY.GDP.MKTP.KD,Europe & Central Asia(Z7),2016,,20996048787987.1
NY.GDP.MKTP.KD,Europe & Central Asia(Z7),2015,,20603435735279.5
NY.GDP.MKTP.KD,Europe & Central Asia(Z7),2014,,20184420384492.3
NY.GDP.MKTP.KD,Europe & Central Asia(Z7),2013,,19802234975193.2
NY.GDP.MKTP.KD,Europe & Central Asia(Z7),2012,,19632553929987.7
NY.GDP.MKTP.KD,Europe & Central Asia(Z7),2011,,19570878383553.7
NY.GDP.MKTP.KD,Europe & Central Asia(Z7),2010,,19125421612882.4
NY.GDP.MKTP.KD,Europe & Central Asia(Z7),2009,,18634891371465.7
NY.GDP.MKTP.KD,Europe & Central Asia(Z7),2008,,19499003742611.6
NY.GDP.MKTP.KD,Europe & Central Asia(Z7),2007,,19301210281097.9
NY.GDP.MKTP.KD,Europe & Central Asia(Z7),2006,,18614209611757.8
NY.GDP.MKTP.KD,Europe & Central Asia(Z7),2005,,17917958901865.1
NY.GDP.MKTP.KD,Europe & Central Asia(Z7),2004,,17442784488439.7
NY.GDP.MKTP.KD,Europe & Central Asia(Z7),2003,,16905404614619.9
NY.GDP.MKTP.KD,Europe & Central Asia(Z7),2002,,16602201918423.5
NY.GDP.MKTP.KD,Europe & Central Asia(Z7),2001,,16346737499082.0
NY.GDP.MKTP.KD,Europe & Central Asia(Z7),2000,,15990314229316.8
NY.GDP.MKTP.KD,Europe & Central Asia(Z7),1999,,15315125506057.9
NY.GDP.MKTP.KD,Europe & Central Asia(Z7),1998,,14883277211870.3
NY.GDP.MKTP.KD,Europe & Central Asia(Z7),1997,,14509532512164.4
NY.GDP.MKTP.KD,Europe & Central Asia(Z7),1996,,14074578122712.8
NY.GDP.MKTP.KD,Europe & Central Asia(Z7),1995,,13824417924441.9
NY.GDP.MKTP.KD,Europe & Central Asia(Z7),1994,,13510499903843.7
NY.GDP.MKTP.KD,Europe & Central Asia(Z7),1993,,13323319268361.8
NY.GDP.MKTP.KD,Europe & Central Asia(Z7),1992,,13408239705295.4
NY.GDP.MKTP.KD,Europe & Central Asia(Z7),1991,,13487674079746.1
NY.GDP.MKTP.KD,Europe & Central Asia(Z7),1990,,13465937620008.1
NY.GDP.MKTP.KD,Europe & Central Asia(Z7),1989,,13162836254381.5
NY.GDP.MKTP.KD,Europe & Central Asia(Z7),1988,,12720500327058.0
NY.GDP.MKTP.KD,Europe & Central Asia(Z7),1987,,12219141811019.1
NY.GDP.MKTP.KD,Europe & Central Asia(Z7),1986,,11867244085358.6
NY.GDP.MKTP.KD,Europe & Central Asia(Z7),1985,,11534715886711.9
NY.GDP.MKTP.KD,Europe & Central Asia(Z7),1984,,11233446081990.7
NY.GDP.MKTP.KD,Europe & Central Asia(Z7),1983,,10934671079945.0
NY.GDP.MKTP.KD,Europe & Central Asia(Z7),1982,,10734769114108.4
NY.GDP.MKTP.KD,Europe & Central Asia(Z7),1981,,10632234383919.4
NY.GDP.MKTP.KD,Europe & Central Asia(Z7),1980,,10585591226752.8
NY.GDP.MKTP.KD,Europe & Central Asia(Z7),1979,,10432294832920.4
NY.GDP.MKTP.KD,Europe & Central Asia(Z7),1978,,10073017873250.4
NY.GDP.MKTP.KD,Europe & Central Asia(Z7),1977,,9780745629967.56
NY.GDP.MKTP.KD,Europe & Central Asia(Z7),1976,,9507532986231.2
NY.GDP.MKTP.KD,Europe & Central Asia(Z7),1975,,9108001736394.64
NY.GDP.MKTP.KD,Europe & Central Asia(Z7),1974,,9170083535042.36
NY.GDP.MKTP.KD,Europe & Central Asia(Z7),1973,,8961511485416.69
NY.GDP.MKTP.KD,Europe & Central Asia(Z7),1972,,8454727634375.86
NY.GDP.MKTP.KD,Europe & Central Asia(Z7),1971,,8086284583147.89
NY.GDP.MKTP.KD,Europe & Central Asia(Z7),1970,,7815197729703.72
NY.GDP.MKTP.KD,Europe & Central Asia(Z7),1969,,7443318180598.12
NY.GDP.MKTP.KD,Europe & Central Asia(Z7),1968,,7025713405537.49
NY.GDP.MKTP.KD,Europe & Central Asia(Z7),1967,,6664558439514.07
NY.GDP.MKTP.KD,Europe & Central Asia(Z7),1966,,6442340505920.09
NY.GDP.MKTP.KD,Europe & Central Asia(Z7),1965,,6206688787169.62
NY.GDP.MKTP.KD,Europe & Central Asia(Z7),1964,,5941853952616.04
NY.GDP.MKTP.KD,Europe & Central Asia(Z7),1963,,5613294174004.54
NY.GDP.MKTP.KD,Europe & Central Asia(Z7),1962,,5353208593182.76
NY.GDP.MKTP.KD,Europe & Central Asia(Z7),1961,,5113100910627.65
NY.GDP.MKTP.KD,Europe & Central Asia(Z7),1960,,4860826486907.93
NY.GDP.MKTP.KD,Europe & Central Asia (excluding high income)(7E),2024,,2161102618244.67
NY.GDP.MKTP.KD,Europe & Central Asia (excluding high income)(7E),2023,,2078335110679.39
NY.GDP.MKTP.KD,Europe & Central Asia (excluding high income)(7E),2022,,1978674793312.44
NY.GDP.MKTP.KD,Europe & Central Asia (excluding high income)(7E),2021,,1919570869643.74
NY.GDP.MKTP.KD,Europe & Central Asia (excluding high income)(7E),2020,,1756555155338.02
NY.GDP.MKTP.KD,Europe & Central Asia (excluding high income)(7E),2019,,1751718869315.29
NY.GDP.MKTP.KD,Europe & Central Asia (excluding high income)(7E),2018,,1707629450920.31
NY.GDP.MKTP.KD,Europe & Central Asia (excluding high income)(7E),2017,,1645721184922.11
NY.GDP.MKTP.KD,Europe & Central Asia (excluding high income)(7E),2016,,1552523084471.7
NY.GDP.MKTP.KD,Europe & Central Asia (excluding high income)(7E),2015,,1510474002479.16
NY.GDP.MKTP.KD,Europe & Central Asia (excluding high income)(7E),2014,,1460578780394.74
NY.GDP.MKTP.KD,Europe & Central Asia (excluding high income)(7E),2013,,1415528556452.15
NY.GDP.MKTP.KD,Europe & Central Asia (excluding high income)(7E),2012,,1328920933931.01
NY.GDP.MKTP.KD,Europe & Central Asia (excluding high income)(7E),2011,,1277064812831.32
NY.GDP.MKTP.KD,Europe & Central Asia (excluding high income)(7E),2010,,1178887128713.63
NY.GDP.MKTP.KD,Europe & Central Asia (excluding high income)(7E),2009,,1100468107231.29
NY.GDP.MKTP.KD,Europe & Central Asia (excluding high income)(7E),2008,,1140341925834.61
NY.GDP.MKTP.KD,Europe & Central Asia (excluding high income)(7E),2007,,1106116568982.33
NY.GDP.MKTP.KD,Europe & Central Asia (excluding high income)(7E),2006,,1032028027284.14
NY.GDP.MKTP.KD,Europe & Central Asia (excluding high income)(7E),2005,,953415196399.204
NY.GDP.MKTP.KD,Europe & Central Asia (excluding high income)(7E),2004,,878439066771.28
NY.GDP.MKTP.KD,Europe & Central Asia (excluding high income)(7E),2003,,801444138767.617
NY.GDP.MKTP.KD,Europe & Central Asia (excluding high income)(7E),2002,,751702563259.751
NY.GDP.MKTP.KD,Europe & Central Asia (excluding high income)(7E),2001,,706504604825.691
NY.GDP.MKTP.KD,Europe & Central Asia (excluding high income)(7E),2000,,706021315258.475
NY.GDP.MKTP.KD,Europe & Central Asia (excluding high income)(7E),1999,,661008033434.518
NY.GDP.MKTP.KD,Europe & Central Asia (excluding high income)(7E),1998,,668590832163.651
NY.GDP.MKTP.KD,Europe & Central Asia (excluding high income)(7E),1997,,655153336181.648
NY.GDP.MKTP.KD,Europe & Central Asia (excluding high income)(7E),1996,,621170515964.213
NY.GDP.MKTP.KD,Europe & Central Asia (excluding high income)(7E),1995,,598308396677.194
NY.GDP.MKTP.KD,Europe & Central Asia (excluding high income)(7E),1994,,592640192899.991
NY.GDP.MKTP.KD,Europe & Central Asia (excluding high income)(7E),1993,,658403328166.587
NY.GDP.MKTP.KD,Europe & Central Asia (excluding high income)(7E),1992,,672020413569.385
NY.GDP.MKTP.KD,Europe & Central Asia (excluding high income)(7E),1991,,705194725817.415
NY.GDP.MKTP.KD,Europe & Central Asia (excluding high income)(7E),1990,,739806103059.12
NY.GDP.MKTP.KD,Europe & Central Asia (excluding high income)(7E),1989,,719849449485.706
NY.GDP.MKTP.KD,Europe & Central Asia (excluding high income)(7E),1988,,711010244605.395
NY.GDP.MKTP.KD,Europe & Central Asia (excluding high income)(7E),1987,,688367408933.804
NY.GDP.MKTP.KD,Europe & Central Asia (IDA & IBRD countries)(T7),2024,,4803175436464.49
NY.GDP.MKTP.KD,Europe & Central Asia (IDA & IBRD countries)(T7),2023,,4627098236001.9
NY.GDP.MKTP.KD,Europe & Central Asia (IDA & IBRD countries)(T7),2022,,4456590928481.79
NY.GDP.MKTP.KD,Europe & Central Asia (IDA & IBRD countries)(T7),2021,,4371264757471.66
NY.GDP.MKTP.KD,Europe & Central Asia (IDA & IBRD countries)(T7),2020,,4062857172545.0
NY.GDP.MKTP.KD,Europe & Central Asia (IDA & IBRD countries)(T7),2019,,4122967292466.83
NY.GDP.MKTP.KD,Europe & Central Asia (IDA & IBRD countries)(T7),2018,,4010043879320.39
NY.GDP.MKTP.KD,Europe & Central Asia (IDA & IBRD countries)(T7),2017,,3863082773694.75
NY.GDP.MKTP.KD,Europe & Central Asia (IDA & IBRD countries)(T7),2016,,3701293298169.56
NY.GDP.MKTP.KD,Europe & Central Asia (IDA & IBRD countries)(T7),2015,,3633660246044.52
NY.GDP.MKTP.KD,Europe & Central Asia (IDA & IBRD countries)(T7),2014,,3582563461911.83
NY.GDP.MKTP.KD,Europe & Central Asia (IDA & IBRD countries)(T7),2013,,3503005875715.34
NY.GDP.MKTP.KD,Europe & Central Asia (IDA & IBRD countries)(T7),2012,,3389444270426.55
NY.GDP.MKTP.KD,Europe & Central Asia (IDA & IBRD countries)(T7),2011,,3276253212809.4
NY.GDP.MKTP.KD,Europe & Central Asia (IDA & IBRD countries)(T7),2010,,3094777445121.25
NY.GDP.MKTP.KD,Europe & Central Asia (IDA & IBRD countries)(T7),2009,,2956144404851.8
NY.GDP.MKTP.KD,Europe & Central Asia (IDA & IBRD countries)(T7),2008,,3101963189542.96
NY.GDP.MKTP.KD,Europe & Central Asia (IDA & IBRD countries)(T7),2007,,2968779819474.78
NY.GDP.MKTP.KD,Europe & Central Asia (IDA & IBRD countries)(T7),2006,,2758427037043.88
NY.GDP.MKTP.KD,Europe & Central Asia (IDA & IBRD countries)(T7),2005,,2557218185543.42
NY.GDP.MKTP.KD,Europe & Central Asia (IDA & IBRD countries)(T7),2004,,2398006858113.25
NY.GDP.MKTP.KD,Europe & Central Asia (IDA & IBRD countries)(T7),2003,,2222956132942.97
NY.GDP.MKTP.KD,Europe & Central Asia (IDA & IBRD countries)(T7),2002,,2093410377851.17
NY.GDP.MKTP.KD,Europe & Central Asia (IDA & IBRD countries)(T7),2001,,1993866084347.18
NY.GDP.MKTP.KD,Europe & Central Asia (IDA & IBRD countries)(T7),2000,,1942265249935.22
NY.GDP.MKTP.KD,Europe & Central Asia (IDA & IBRD countries)(T7),1999,,1808756964461.04
NY.GDP.MKTP.KD,Europe & Central Asia (IDA & IBRD countries)(T7),1998,,1764795420779.41
NY.GDP.MKTP.KD,Europe & Central Asia (IDA & IBRD countries)(T7),1997,,1777400831112.72
NY.GDP.MKTP.KD,Europe & Central Asia (IDA & IBRD countries)(T7),1996,,1727092537827.86
NY.GDP.MKTP.KD,Europe & Central Asia (IDA & IBRD countries)(T7),1995,,1710244597959.95
NY.GDP.MKTP.KD,Europe & Central Asia (IDA & IBRD countries)(T7),1994,,1710781720003.53
NY.GDP.MKTP.KD,Europe & Central Asia (IDA & IBRD countries)(T7),1993,,1868052320735.77
NY.GDP.MKTP.KD,Europe & Central Asia (IDA & IBRD countries)(T7),1992,,1958974948193.94
NY.GDP.MKTP.KD,Europe & Central Asia (IDA & IBRD countries)(T7),1991,,2165470068627.17
NY.GDP.MKTP.KD,Europe & Central Asia (IDA & IBRD countries)(T7),1990,,2301116132667.32
NY.GDP.MKTP.KD,Europe & Central Asia (IDA & IBRD countries)(T7),1989,,2334903485319.29
NY.GDP.MKTP.KD,European Union(EU),2024,,15711329898680.8
NY.GDP.MKTP.KD,European Union(EU),2023,,15545835479247.4
NY.GDP.MKTP.KD,European Union(EU),2022,,15475526647498.2
NY.GDP.MKTP.KD,European Union(EU),2021,,14943312743921.6
NY.GDP.MKTP.KD,European Union(EU),2020,,14047404390856.4
NY.GDP.MKTP.KD,European Union(EU),2019,,14877396575749.2
NY.GDP.MKTP.KD,European Union(EU),2018,,14603544059407.1
NY.GDP.MKTP.KD,European Union(EU),2017,,14310687274644.1
NY.GDP.MKTP.KD,European Union(EU),2016,,13918449980505.1
NY.GDP.MKTP.KD,European Union(EU),2015,,13656252620703.3
NY.GDP.MKTP.KD,European Union(EU),2014,,13339837928675.8
NY.GDP.MKTP.KD,European Union(EU),2013,,13125534418029.3
NY.GDP.MKTP.KD,European Union(EU),2012,,13129872603290.2
NY.GDP.MKTP.KD,European Union(EU),2011,,13231012723603.5
NY.GDP.MKTP.KD,European Union(EU),2010,,12976593517674.0
NY.GDP.MKTP.KD,European Union(EU),2009,,12699515364509.5
NY.GDP.MKTP.KD,European Union(EU),2008,,13271807422071.9
NY.GDP.MKTP.KD,European Union(EU),2007,,13190293140115.9
NY.GDP.MKTP.KD,European Union(EU),2006,,12788499501424.8
NY.GDP.MKTP.KD,European Union(EU),2005,,12347980270825.7
NY.GDP.MKTP.KD,European Union(EU),2004,,12107812246876.8
NY.GDP.MKTP.KD,European Union(EU),2003,,11800997102454.8
NY.GDP.MKTP.KD,European Union(EU),2002,,11691451596944.9
NY.GDP.MKTP.KD,European Union(EU),2001,,11564508558513.0
NY.GDP.MKTP.KD,European Union(EU),2000,,11319869909643.6
NY.GDP.MKTP.KD,European Union(EU),1999,,10891446207973.3
NY.GDP.MKTP.KD,European Union(EU),1998,,10573834940813.5
NY.GDP.MKTP.KD,European Union(EU),1997,,10267712292498.4
NY.GDP.MKTP.KD,European Union(EU),1996,,9999281633364.69
NY.GDP.MKTP.KD,European Union(EU),1995,,9811290301513.54
NY.GDP.MKTP.KD,European Union(EU),1994,,9551054623609.75
NY.GDP.MKTP.KD,European Union(EU),1993,,9299828881187.87
NY.GDP.MKTP.KD,European Union(EU),1992,,9355590541033.25
NY.GDP.MKTP.KD,European Union(EU),1991,,9271989075705.29
NY.GDP.MKTP.KD,European Union(EU),1990,,9138535829312.8
NY.GDP.MKTP.KD,European Union(EU),1989,,8846817514581.5
NY.GDP.MKTP.KD,European Union(EU),1988,,8515309136618.43
NY.GDP.MKTP.KD,European Union(EU),1987,,8177563023442.93
NY.GDP.MKTP.KD,European Union(EU),1986,,7974696360054.47
NY.GDP.MKTP.KD,European Union(EU),1985,,7774176732713.45
NY.GDP.MKTP.KD,European Union(EU),1984,,7598160754077.71
NY.GDP.MKTP.KD,European Union(EU),1983,,7410918075277.96
NY.GDP.MKTP.KD,European Union(EU),1982,,7305281617829.6
NY.GDP.MKTP.KD,European Union(EU),1981,,7245911020207.96
NY.GDP.MKTP.KD,European Union(EU),1980,,7205674660399.72
NY.GDP.MKTP.KD,European Union(EU),1979,,7059754238852.94
NY.GDP.MKTP.KD,European Union(EU),1978,,6795454221090.05
NY.GDP.MKTP.KD,European Union(EU),1977,,6593653593826.88
NY.GDP.MKTP.KD,European Union(EU),1976,,6404955929517.66
NY.GDP.MKTP.KD,European Union(EU),1975,,6107198161852.48
NY.GDP.MKTP.KD,European Union(EU),1974,,6142844810608.35
NY.GDP.MKTP.KD,European Union(EU),1973,,5955390074511.88
NY.GDP.MKTP.KD,European Union(EU),1972,,5618030846227.23
NY.GDP.MKTP.KD,European Union(EU),1971,,5362182550400.88
NY.GDP.MKTP.KD,European Union(EU),1970,,5173302902668.09
NY.GDP.MKTP.KD,European Union(EU),1969,,4902212359002.05
NY.GDP.MKTP.KD,European Union(EU),1968,,4580201100233.42
NY.GDP.MKTP.KD,European Union(EU),1967,,4337772533887.36
NY.GDP.MKTP.KD,European Union(EU),1966,,4189228363085.92
NY.GDP.MKTP.KD,European Union(EU),1965,,4017587133713.06
NY.GDP.MKTP.KD,European Union(EU),1964,,3817286424733.32
NY.GDP.MKTP.KD,European Union(EU),1963,,3601469905825.05
NY.GDP.MKTP.KD,European Union(EU),1962,,3437148907075.67
NY.GDP.MKTP.KD,European Union(EU),1961,,3251982586981.35
NY.GDP.MKTP.KD,European Union(EU),1960,,3075152008683.99
NY.GDP.MKTP.KD,Fragile and conflict affected situations(F1),2024,,1535327163040.35
NY.GDP.MKTP.KD,Fragile and conflict affected situations(F1),2023,,1505120227555.61
NY.GDP.MKTP.KD,Fragile and conflict affected situations(F1),2022,,1473506803399.95
NY.GDP.MKTP.KD,Fragile and conflict affected situations(F1),2021,,1450006309905.52
NY.GDP.MKTP.KD,Fragile and conflict affected situations(F1),2020,,1428142774949.68
NY.GDP.MKTP.KD,Fragile and conflict affected situations(F1),2019,,1542490501129.03
NY.GDP.MKTP.KD,Fragile and conflict affected situations(F1),2018,,1530016405340.24
NY.GDP.MKTP.KD,Fragile and conflict affected situations(F1),2017,,1508066703688.21
NY.GDP.MKTP.KD,Fragile and conflict affected situations(F1),2016,,1488686314256.65
NY.GDP.MKTP.KD,Fragile and conflict affected situations(F1),2015,,1481660318787.67
NY.GDP.MKTP.KD,Fragile and conflict affected situations(F1),2014,,1479185547877.7
NY.GDP.MKTP.KD,Fragile and conflict affected situations(F1),2013,,1454795042704.24
NY.GDP.MKTP.KD,Fragile and conflict affected situations(F1),2012,,1408135877506.06
NY.GDP.MKTP.KD,Fragile and conflict affected situations(F1),2011,,1333050889939.51
NY.GDP.MKTP.KD,Fragile and conflict affected situations(F1),2010,,1327110583952.26
NY.GDP.MKTP.KD,Fragile and conflict affected situations(F1),2009,,1249943002100.57
NY.GDP.MKTP.KD,Fragile and conflict affected situations(F1),2008,,1221794903383.8
NY.GDP.MKTP.KD,Fragile and conflict affected situations(F1),2007,,1162860231135.7
NY.GDP.MKTP.KD,Fragile and conflict affected situations(F1),2006,,1093928820282.75
NY.GDP.MKTP.KD,Fragile and conflict affected situations(F1),2005,,1030228769622.22
NY.GDP.MKTP.KD,Fragile and conflict affected situations(F1),2004,,969502694862.591
NY.GDP.MKTP.KD,Fragile and conflict affected situations(F1),2003,,866062169210.656
NY.GDP.MKTP.KD,Fragile and conflict affected situations(F1),2002,,864079514756.333
NY.GDP.MKTP.KD,Fragile and conflict affected situations(F1),2001,,837105561500.105
NY.GDP.MKTP.KD,Fragile and conflict affected situations(F1),2000,,804431242026.564
NY.GDP.MKTP.KD,Fragile and conflict affected situations(F1),1999,,764765620950.707
NY.GDP.MKTP.KD,Fragile and conflict affected situations(F1),1998,,750315953148.296
NY.GDP.MKTP.KD,Fragile and conflict affected situations(F1),1997,,719224514487.282
NY.GDP.MKTP.KD,Fragile and conflict affected situations(F1),1996,,686464466611.804
NY.GDP.MKTP.KD,Fragile and conflict affected situations(F1),1995,,667041534906.538
NY.GDP.MKTP.KD,Fragile and conflict affected situations(F1),1994,,665404756094.689
NY.GDP.MKTP.KD,Fragile and conflict affected situations(F1),1993,,687726026739.682
NY.GDP.MKTP.KD,Fragile and conflict affected situations(F1),1992,,699408212928.904
NY.GDP.MKTP.KD,Fragile and conflict affected situations(F1),1991,,693241026432.446
NY.GDP.MKTP.KD,Fragile and conflict affected situations(F1),1990,,724172710768.089
NY.GDP.MKTP.KD,Fragile and conflict affected situations(F1),1989,,688146886626.236
NY.GDP.MKTP.KD,Fragile and conflict affected situations(F1),1988,,693947193156.041
NY.GDP.MKTP.KD,Fragile and conflict affected situations(F1),1987,,666970287262.555
NY.GDP.MKTP.KD,Fragile and conflict affected situations(F1),1986,,653844614416.188
NY.GDP.MKTP.KD,Fragile and conflict affected situations(F1),1985,,648417347819.565
NY.GDP.MKTP.KD,Fragile and conflict affected situations(F1),1984,,625196740977.741
NY.GDP.MKTP.KD,Fragile and conflict affected situations(F1),1983,,626284202460.902
NY.GDP.MKTP.KD,Fragile and conflict affected situations(F1),1982,,662865242198.441
NY.GDP.MKTP.KD,Fragile and conflict affected situations(F1),1981,,664855870105.484
NY.GDP.MKTP.KD,Fragile and conflict affected situations(F1),1980,,705359635798.917
NY.GDP.MKTP.KD,Fragile and conflict affected situations(F1),1979,,680520506284.464
NY.GDP.MKTP.KD,Fragile and conflict affected situations(F1),1978,,646013699368.777
NY.GDP.MKTP.KD,Fragile and conflict affected situations(F1),1977,,644566556833.838
NY.GDP.MKTP.KD,Fragile and conflict affected situations(F1),1976,,612784279639.394
NY.GDP.MKTP.KD,Fragile and conflict affected situations(F1),1975,,563225892301.897
NY.GDP.MKTP.KD,Fragile and conflict affected situations(F1),1974,,560831290060.956
NY.GDP.MKTP.KD,Fragile and conflict affected situations(F1),1973,,512788127116.804
NY.GDP.MKTP.KD,Fragile and conflict affected situations(F1),1972,,490975666612.125
NY.GDP.MKTP.KD,Fragile and conflict affected situations(F1),1971,,475100445866.746
NY.GDP.MKTP.KD,Fragile and conflict affected situations(F1),1970,,446230773142.227
NY.GDP.MKTP.KD,Fragile and conflict affected situations(F1),1969,,401010665984.246
NY.GDP.MKTP.KD,Fragile and conflict affected situations(F1),1968,,363132497527.401
NY.GDP.MKTP.KD,Fragile and conflict affected situations(F1),1967,,341250839893.81
NY.GDP.MKTP.KD,Fragile and conflict affected situations(F1),1966,,355774275993.295
NY.GDP.MKTP.KD,Fragile and conflict affected situations(F1),1965,,352247699956.085
NY.GDP.MKTP.KD,Fragile and conflict affected situations(F1),1964,,332743688778.608
NY.GDP.MKTP.KD,Fragile and conflict affected situations(F1),1963,,313117527115.423
NY.GDP.MKTP.KD,Fragile and conflict affected situations(F1),1962,,295542398741.211
NY.GDP.MKTP.KD,Fragile and conflict affected situations(F1),1961,,273511698001.947
NY.GDP.MKTP.KD,Fragile and conflict affected situations(F1),1960,,272317853197.705
NY.GDP.MKTP.KD,Heavily indebted poor countries (HIPC)(XE),2024,,955835602301.251
NY.GDP.MKTP.KD,Heavily indebted poor countries (HIPC)(XE),2023,,909066782138.737
NY.GDP.MKTP.KD,Heavily indebted poor countries (HIPC)(XE),2022,,878642302854.213
NY.GDP.MKTP.KD,Heavily indebted poor countries (HIPC)(XE),2021,,837808561037.18
NY.GDP.MKTP.KD,Heavily indebted poor countries (HIPC)(XE),2020,,802542318657.953
NY.GDP.MKTP.KD,Heavily indebted poor countries (HIPC)(XE),2019,,802692529518.269
NY.GDP.MKTP.KD,Heavily indebted poor countries (HIPC)(XE),2018,,770302629031.404
NY.GDP.MKTP.KD,Heavily indebted poor countries (HIPC)(XE),2017,,739297864826.299
NY.GDP.MKTP.KD,Heavily indebted poor countries (HIPC)(XE),2016,,703784811237.404
